LayerId , meanDifference, maxDifference, meanOrigFloat, meanRelDifference, orgmax, quantizedMax,orgAtmaxDiff, quantizedAtMaxDiff,maxRelDifference, Scale , , , , Hist 
2,0.000353,0.000829,1.985870,0.019098,2.117884,2.117884,-1.804339,-1.803511,0.045931,60.437683, , , ,0,0,0,0,0,0,0,0,0,0,0,0,0,0,0,0,0,0,0,0,0,0,0,0,0,0,0,0,0,0,0,0,0,0,0,0,0,0,0,0,0,0,0,0,0,0,0,0,0,0,0,0,0,0,0,0,0,0,0,0,0,0,0,0,0,0,0,0,0,0,0,0,0,0,0,0,0,0,0,0,0,0,0,0,0,0,0,0,0,0,0,0,0,0,0,0,0,0,0,0,0,0,0,0,0,0,0,0,0,0,0,0,0,0,0,0,0,0,0,0,0,0,0,0,0,0,0,0,0,0,0,0,0,0,0,0,0,0,0,0,0,0,0,0,0,0,0,0,0,0,0,0,0,0,0,0,0,0,0,0,0,0,0,0,0,0,0,0,0,0,0,0,0,0,0,0,0,0,0,0,0,0,0,0,0,0,0,0,0,0,0,0,0,0,0,0,0,0,0,0,0,0,0,0,0,0,0,0,0,0,0,0,0,0,0,0,0,0,0,0,0,0,0,0,0,0,0,0,0,0,0,0,0,0,0,0,0,0,0,0,0,0,0,0,0,0,0,0,0,0,0,0,0,0,0,0,0,0,0,0,0,0,0,0,0,0,0,0,0,0,0,0,0,0,0,0,0,0,0,0,0,0,0,0,0,0,0,0,0,0,0,0,0,0,0,0,0,0,0,0,0,0,0,0,0,0,0,0,0,0,0,0,0,0,0,0,0,0,0,0,0,0,0,0,0,0,0,0,0,0,0,0,0,0,0,0,0,0,0,0,0,0,0,0,0,0,0,0,0,0,0,0,0,0,0,0,0,0,0,0,0,0,0,0,0,0,0,0,0,0,0,0,0,0,0,0,0,0,0,0,0,0,0,0,0,0,0,0,0,0,0,0,0,0,0,0,0,0,0,0,0,0,0,0,0,0,0,0,0,0,0,0,0,0,0,0,0,0,0,0,0,0,0,0,0,0,0,0,0,0,0,0,0,0,0,0,0,0,0,0,0,0,0,0,0,0,0,0,0,0,0,0,0,0,0,0,0,0,0,0,0,0,0,0,0,0,0,0,0,0,0,0,0,0,0,0,0,0,0,0,0,0,0,0,0,0,0,0,0,0,0,0,0,0,0,0,0,0,0,0,0,0,0,0,0,0,0,0,0,0,0,0,0,0,0,0,0,0,0,0,0,0,0,0,0,0,0,0,0,0,0,0,0,0,0,0,0,0,0,0,0,0,0,0,0,0,0,0,0,0,0,0,0,0,0,0,0,0,0,0,0,0,0,0,0,0,0,0,0,0,0,0,0,0,0,0,0,0,0,0,0,0,0,0,0,0,0,0,0,0,0,0,0,0,0,0,0,0,0,0,0,0,0,0,0,0,0,0,0,0,0,0,0,0,0,0,0,0,0,0,0,0,0,0,0,0,0,0,0,0,0,0,0,0,0,0,0,0,0,0,0,0,0,0,0,0,0,0,0,0,0,0,0,0,0,0,0,0,0,0,0,0,0,0,0,0,0,0,0,0,0,0,0,0,0,0,0,0,0,0,0,0,0,0,0,0,0,0,0,0,0,0,0,0,0,0,0,0,0,0,0,0,0,0,0,0,0,0,0,0,0,0,0,0,0,0,0,0,0,0,0,0,0,0,0,0,0,0,0,0,0,0,0,0,0,0,0,0,0,0,0,0,0,0,0,0,0,0,0,0,0,0,0,0,0,0,0,0,0,0,0,0,0,0,0,0,0,0,0,0,0,0,0,0,0,0,0,0,0,0,0,0,0,0,0,0,0,0,0,0,0,0,0,0,0,0,0,0,0,0,0,0,0,0,0,0,0,0,0,0,0,0,0,0,0,0,0,0,0,0,0,0,0,0,0,0,0,0,0,0,0,0,0,0,0,0,0,0,0,0,0,0,0,0,0,0,0,0,0,0,0,1,0,0,0,0,0,0,0,0,0,0,0,0,0,0,0,0,0,0,0,0,0,0,0,0,0,0,0,0,0,0,0,0,0,0,0,0,0,0,0,0,0,0,0,0,0,0,0,0,0,0,0,0,0,0,0,0,0,0,0,0,0,0,0,0,0,0,0,0,0,0,0,0,0,0,0,0,0,0,0,0,0,0,0,0,0,0,0,0,0,0,0,0,0,0,0,0,0,0,0,0,0,0,0,0,0,0,0,0,1,0,0,0,0,0,0,0,0,0,0,0,0,0,0,0,0,0,0,0,0,0,0,0,0,0,0,0,0,0,0,0,0,0,0,0,0,0,0,1,
2,0.000075,0.000137,0.017354,0.427948,0.017507,0.017370,0.017507,0.017370,0.781253,7311.361328, , , ,0,0,0,0,0,0,0,0,0,0,0,0,0,0,0,0,0,0,0,0,0,0,0,0,0,0,0,0,0,0,0,0,0,0,0,0,0,0,0,0,0,0,0,0,0,0,0,0,0,0,0,0,0,0,0,0,0,0,0,0,0,0,0,0,0,0,0,0,0,0,0,0,0,0,0,0,0,0,0,0,0,0,0,0,0,0,0,0,0,0,0,0,0,0,0,0,0,0,0,0,0,0,0,0,0,0,0,0,0,0,0,0,0,0,0,0,0,0,0,0,0,0,0,0,0,0,0,0,0,0,0,0,0,0,0,0,0,0,0,0,0,0,0,0,0,0,0,0,0,0,0,0,0,0,0,0,0,0,0,0,0,0,0,0,0,0,0,0,0,0,0,0,0,0,0,0,0,0,0,0,0,0,0,0,0,0,0,0,0,0,0,0,0,0,0,0,0,0,0,0,0,0,0,0,0,0,0,0,0,0,0,0,0,0,0,0,0,0,0,0,0,0,0,0,0,0,0,0,0,0,0,0,0,0,0,0,0,0,0,0,0,0,0,0,0,0,0,0,0,0,0,0,0,0,0,0,0,0,0,0,0,0,0,0,0,0,0,0,0,0,0,0,0,0,0,0,0,0,0,0,0,0,0,0,0,0,0,0,0,0,0,0,0,0,0,0,0,0,0,0,0,0,0,0,0,0,0,0,0,0,0,0,0,0,0,0,0,0,0,0,0,0,0,0,0,0,0,0,0,0,0,0,0,0,0,0,0,0,0,0,0,0,0,0,0,0,0,0,0,0,0,0,0,0,0,0,0,0,0,0,0,0,0,0,0,0,0,0,0,0,0,0,0,0,0,0,0,0,0,0,0,0,0,0,0,0,0,0,0,0,0,0,0,0,0,0,0,0,0,0,0,0,0,0,0,0,0,0,0,0,0,0,0,0,0,0,0,0,0,0,0,0,0,0,0,0,0,0,0,0,0,0,0,0,0,0,0,0,0,0,0,0,0,0,0,0,0,0,0,0,0,0,0,0,0,0,0,0,0,0,0,0,0,0,0,0,0,0,0,0,0,0,0,0,0,0,0,0,0,0,0,0,0,0,0,0,0,0,0,0,0,0,0,0,0,0,0,0,0,0,0,0,0,0,0,0,0,0,0,0,0,0,0,0,0,0,0,0,0,0,0,0,0,0,0,0,0,0,0,0,0,0,0,0,0,0,0,0,0,0,0,0,0,0,0,0,0,0,0,0,0,0,0,0,0,0,0,0,0,0,0,0,0,0,0,0,0,0,0,0,0,0,0,0,0,0,0,0,0,0,0,0,0,0,0,0,0,0,0,0,0,0,0,0,0,0,0,0,0,0,0,0,0,0,0,0,0,0,0,0,0,0,0,0,0,0,0,0,0,0,0,0,0,0,0,0,0,0,0,0,0,0,0,0,0,0,0,0,0,0,0,0,0,0,0,0,0,0,0,0,0,0,0,0,0,0,0,0,0,0,0,0,0,0,0,0,0,0,0,0,0,0,0,0,0,0,0,0,0,0,0,0,0,0,0,0,0,0,0,0,0,0,0,0,0,0,0,0,0,0,0,0,0,0,0,0,0,0,0,0,0,0,0,0,0,0,0,0,0,0,0,0,0,0,0,0,0,0,0,0,0,0,0,0,0,0,0,0,0,0,0,0,0,0,0,0,0,0,0,0,0,0,0,0,0,0,0,0,0,0,0,0,0,0,0,0,0,0,0,0,0,0,0,0,0,0,0,0,0,0,0,0,0,0,0,0,0,0,0,0,0,0,0,0,0,0,0,0,0,0,0,0,0,0,0,0,0,0,0,0,0,0,0,0,0,0,0,0,0,0,0,0,0,0,0,0,0,0,0,0,0,0,0,0,0,0,0,0,0,0,0,0,0,0,0,0,0,0,0,0,0,0,0,0,0,0,0,0,0,0,0,0,0,0,0,0,0,0,0,0,0,0,0,0,0,0,0,0,0,0,0,0,0,0,0,0,0,0,0,0,0,0,0,0,0,0,0,0,0,0,0,0,0,0,0,0,0,0,0,0,0,0,0,0,0,0,0,0,0,0,0,0,0,0,0,0,0,0,0,0,0,0,0,0,0,0,0,0,0,0,0,0,0,0,0,0,0,0,0,0,0,0,0,0,0,0,0,0,0,0,0,0,0,0,0,0,0,0,0,0,0,0,0,0,0,0,0,1,0,0,0,0,0,0,0,0,0,0,0,0,0,0,0,0,1,0,0,0,0,1,
54,0.000007,0.000016,0.411999,0.013843,1.059997,1.059997,0.006444,0.006437,0.100939,30913.306641, , , ,0,0,0,0,0,0,1,0,0,0,0,0,0,0,0,0,1,0,0,0,0,0,0,0,0,0,0,0,0,0,0,0,0,0,0,1,0,0,0,0,0,0,0,0,0,0,0,0,0,0,1,0,0,0,0,0,0,0,0,0,0,0,0,0,0,0,0,0,0,0,0,0,0,0,0,0,0,0,0,1,0,0,0,0,0,0,0,0,0,0,0,0,0,0,0,0,0,0,0,0,0,0,0,0,0,0,0,0,0,0,0,0,0,0,0,1,0,0,0,0,0,0,0,0,0,0,0,0,0,0,0,0,0,0,0,0,0,0,0,0,0,0,0,0,0,0,0,0,0,0,0,0,0,0,0,0,0,0,0,0,0,0,0,0,0,0,0,0,0,0,0,0,0,0,0,0,0,0,0,0,0,0,0,0,0,0,0,0,0,1,0,0,0,0,0,0,0,0,0,0,0,0,0,0,0,0,0,0,0,0,0,0,0,0,0,1,0,0,0,0,0,0,0,0,0,0,0,0,0,0,0,0,0,0,0,0,0,0,0,0,0,0,0,0,0,0,0,0,0,0,0,0,0,0,0,0,0,0,0,0,0,0,0,0,0,0,0,0,0,0,0,0,0,0,0,0,0,0,0,0,0,0,0,0,0,0,0,1,0,0,0,0,0,0,0,0,0,0,0,0,0,0,0,0,0,0,0,0,0,0,0,0,0,0,0,0,0,0,0,0,0,0,0,0,0,0,0,0,0,0,0,0,0,0,0,0,0,0,0,0,0,0,0,0,0,0,0,0,0,0,0,0,0,0,0,0,0,0,0,0,0,0,0,0,0,0,0,0,0,0,0,0,0,0,0,0,0,0,0,0,0,0,0,0,0,0,0,0,0,0,0,0,0,0,0,0,0,0,0,0,0,0,0,0,0,0,0,0,0,0,0,0,0,0,0,0,0,0,0,0,0,0,0,0,0,0,0,1,0,0,0,0,0,0,0,0,0,0,0,0,0,0,0,0,0,0,0,0,0,0,0,0,0,0,0,0,0,0,0,0,0,0,0,0,0,0,0,0,0,0,0,0,0,0,0,0,0,0,0,0,0,0,0,0,0,0,0,0,0,0,0,0,0,0,0,0,0,0,0,0,0,0,0,0,0,0,0,0,0,0,0,0,1,0,0,0,0,0,0,0,0,0,0,0,0,0,0,0,0,0,0,0,0,0,0,0,0,0,0,0,0,0,0,0,0,0,0,0,0,0,0,0,0,0,0,0,0,0,0,0,0,0,0,0,0,0,0,0,0,0,0,0,0,0,0,0,0,0,0,0,0,0,0,0,0,0,0,0,0,0,0,0,0,0,0,0,0,0,0,0,0,0,0,0,0,0,0,0,0,0,0,0,0,0,0,0,0,0,0,0,0,0,0,0,0,0,0,0,0,0,0,0,0,0,0,0,0,0,0,0,0,0,0,0,0,0,0,0,0,0,0,0,0,0,0,0,0,0,0,0,0,0,0,0,0,0,0,0,0,0,0,0,0,0,0,0,0,0,0,0,0,0,0,0,0,0,0,0,0,0,0,0,0,0,0,0,0,0,0,0,0,0,0,0,0,0,0,0,0,0,0,0,0,0,0,0,0,0,1,0,0,0,0,0,0,0,0,0,0,0,0,0,0,0,0,0,0,0,0,0,0,0,0,0,0,0,0,0,0,0,0,0,0,0,0,0,0,0,0,0,0,0,0,0,0,0,0,0,0,0,0,0,0,0,0,0,0,0,0,0,0,0,0,0,0,0,0,0,0,1,0,0,0,0,0,0,0,0,0,0,0,0,0,0,0,0,0,0,0,0,0,0,0,0,0,0,0,0,0,0,0,0,0,0,0,0,0,0,0,0,0,0,0,0,0,0,1,0,0,0,0,0,0,0,0,0,0,0,0,0,0,0,0,0,0,0,0,0,0,0,0,0,0,0,0,0,0,0,0,0,0,0,0,0,0,0,0,0,0,0,0,0,0,0,0,0,0,0,0,0,0,0,0,0,0,0,0,0,0,0,0,0,0,0,0,0,0,0,0,0,0,0,0,0,0,0,0,0,0,0,0,0,0,0,0,0,0,0,0,0,0,0,1,0,0,0,0,0,0,0,0,0,0,0,0,0,0,0,0,0,0,0,0,0,0,0,0,0,0,0,0,0,0,0,0,0,0,0,0,0,0,0,0,0,0,0,0,0,0,0,0,0,0,0,0,0,0,0,0,0,0,0,0,0,0,0,0,0,0,1,
54,0.000012,0.000049,0.112841,0.070618,1.586398,1.586349,-0.000370,-0.000387,4.670170,20655.605469, , , ,29,20,24,26,26,27,24,28,25,26,26,22,25,23,24,29,20,17,22,12,24,18,23,17,19,13,24,18,16,13,8,18,18,19,16,13,7,14,15,11,19,9,10,11,9,6,9,12,12,12,8,17,8,13,10,11,11,8,14,12,9,3,4,6,5,8,10,9,6,7,14,7,5,4,6,10,8,4,5,6,5,4,5,2,5,5,7,6,7,2,7,3,10,3,2,3,1,3,3,6,1,3,4,3,7,2,1,3,1,4,5,5,2,3,2,1,2,2,3,1,7,4,3,4,3,2,2,6,0,5,1,1,3,4,1,1,3,1,1,2,0,0,0,2,4,0,4,3,1,0,0,2,1,1,0,0,1,0,1,0,1,2,2,4,1,1,0,2,1,0,0,1,2,0,3,2,0,1,3,0,2,0,0,1,1,4,1,1,0,1,0,0,0,2,0,0,0,2,0,1,0,0,1,0,2,0,2,0,1,1,0,1,0,0,0,2,0,0,2,0,0,0,1,2,0,0,1,0,1,2,0,1,1,1,1,5,0,0,1,1,0,0,0,2,0,0,1,0,0,1,1,0,1,3,0,0,0,0,0,0,0,0,2,0,1,0,1,0,0,0,0,1,0,0,0,1,0,0,0,0,0,1,0,0,0,1,1,0,1,0,0,1,0,2,0,0,0,0,0,0,1,0,0,0,1,0,1,1,0,0,1,0,0,0,1,0,1,0,0,0,2,1,1,1,1,0,0,0,0,0,0,0,0,0,0,1,2,0,0,1,0,0,0,0,0,2,0,0,0,0,0,1,0,1,0,0,0,0,0,0,0,0,0,0,0,1,0,0,0,1,1,0,1,0,0,1,1,0,1,0,1,0,1,0,0,0,0,0,0,1,0,1,0,0,0,0,0,0,0,0,1,0,0,0,0,0,0,0,0,0,1,0,0,0,0,1,0,0,0,0,0,0,0,0,0,0,0,0,0,0,1,0,1,0,0,0,0,0,0,1,1,1,0,1,0,0,0,0,1,0,0,0,0,0,0,0,1,0,0,0,0,0,0,0,0,1,0,0,0,0,0,0,0,0,0,0,0,0,0,0,1,1,0,0,0,0,0,0,0,0,0,0,1,0,1,0,0,0,0,0,0,0,0,0,0,0,0,0,0,0,0,0,0,0,0,0,0,1,0,1,0,0,0,0,1,0,0,0,0,0,1,0,0,0,0,0,0,0,0,0,0,0,0,0,0,0,0,0,1,0,0,1,0,0,0,0,0,0,0,0,0,0,0,0,0,0,0,0,0,1,0,0,0,0,0,0,0,0,0,0,0,0,0,0,0,0,0,1,0,0,1,0,1,0,0,0,0,1,0,0,0,0,1,0,0,0,0,0,0,0,0,0,0,0,0,0,0,0,0,0,0,0,0,0,0,0,0,0,0,0,0,0,1,0,0,0,0,0,0,0,0,0,0,0,0,1,0,0,0,0,0,0,1,0,0,0,0,0,0,0,0,0,0,0,0,0,0,0,0,0,0,0,0,0,0,0,0,0,0,0,0,0,0,0,0,0,0,0,0,0,1,0,0,0,0,0,0,0,0,0,0,0,0,1,0,0,0,0,0,0,0,0,0,0,0,0,0,0,0,0,0,0,0,0,0,0,0,0,0,0,0,0,0,0,0,0,0,0,0,0,0,0,0,0,0,0,0,0,0,0,0,0,0,0,0,0,0,0,0,0,0,0,0,0,0,0,0,0,0,0,0,0,0,0,0,0,0,0,0,0,0,0,0,0,0,0,0,0,0,0,0,0,0,0,0,0,0,0,0,0,0,0,0,0,0,0,0,0,0,0,0,1,0,0,0,0,0,0,0,0,0,0,0,0,0,0,0,0,0,0,0,0,0,0,0,0,1,0,0,0,0,0,0,0,0,0,0,0,0,0,0,0,0,0,0,0,0,0,0,0,0,0,0,0,0,0,0,0,0,0,0,0,0,0,0,0,0,0,0,0,0,0,0,0,0,0,0,0,0,0,0,0,0,0,0,0,0,0,0,0,0,0,0,0,0,0,0,0,0,0,0,0,0,0,0,0,0,0,0,0,0,0,0,0,0,0,0,0,0,0,0,0,0,0,0,0,0,0,0,0,0,0,0,0,0,0,0,0,0,0,0,0,0,0,0,0,0,0,0,0,0,0,0,0,0,0,0,0,0,0,0,0,0,0,0,0,0,0,0,0,0,0,0,0,0,0,0,0,0,0,0,0,0,0,0,0,0,0,0,1,
55,0.000001,0.000005,0.026335,0.049335,0.159305,0.159300,-0.000050,-0.000049,2.087500,205693.453125, , , ,1,0,0,0,1,0,0,0,0,0,0,0,0,0,0,1,0,0,1,0,0,0,0,1,0,0,0,0,1,0,1,0,0,1,1,1,1,0,0,0,0,0,0,0,1,0,0,0,1,1,0,0,0,0,0,2,0,0,1,1,0,0,0,0,0,1,0,0,0,1,0,0,0,0,0,3,0,0,0,1,0,0,0,0,0,0,0,0,1,0,0,0,1,0,0,0,0,0,0,0,0,0,0,0,0,0,0,0,0,0,0,0,2,0,1,2,0,1,1,0,0,1,0,0,0,0,0,0,1,0,0,0,1,0,0,0,0,0,0,0,0,0,0,0,1,0,0,0,0,0,0,0,0,0,0,0,1,0,0,0,0,0,0,0,0,1,0,0,0,0,0,0,0,0,0,0,0,1,0,1,1,0,0,0,0,0,0,1,0,0,0,1,0,0,0,0,0,0,0,0,0,0,0,0,1,0,1,0,0,0,0,1,0,0,0,1,0,0,0,0,0,0,0,0,0,0,0,0,0,0,0,0,0,0,1,0,1,0,0,0,0,0,0,0,0,0,0,0,0,0,0,0,0,0,0,0,0,0,0,0,0,0,0,0,0,0,0,0,0,0,0,0,0,0,0,0,0,0,0,0,0,0,0,0,0,0,0,0,0,0,0,0,0,0,0,0,0,0,0,0,0,0,0,0,0,0,0,0,0,0,0,0,0,1,0,0,0,0,0,0,0,0,0,0,0,0,0,0,0,0,0,0,0,0,0,0,0,0,0,0,0,0,0,0,0,0,0,0,0,0,0,0,0,0,0,0,0,0,0,0,0,0,0,0,0,0,0,0,0,0,0,0,0,0,0,0,0,0,0,0,1,0,0,0,0,0,0,0,0,0,0,0,0,0,0,0,0,0,0,0,0,0,0,0,0,0,0,0,0,0,0,0,0,0,0,0,0,0,0,0,0,0,0,0,0,0,0,0,0,0,0,0,0,0,0,0,0,0,0,0,0,0,0,0,0,0,0,0,0,0,0,0,0,0,0,0,0,0,0,0,0,0,0,0,0,0,0,0,0,0,0,0,0,0,0,0,0,0,0,0,0,0,0,0,0,0,0,0,0,0,0,0,0,0,0,0,0,0,0,0,0,0,0,0,0,0,0,0,0,0,0,0,0,0,0,0,0,0,0,0,0,0,0,0,0,0,0,0,0,0,0,0,0,0,0,0,0,0,0,0,0,0,0,0,0,0,0,0,0,0,0,0,0,0,0,0,0,0,0,0,0,0,0,0,0,0,0,0,0,0,0,0,0,0,0,0,0,0,0,0,0,0,0,0,0,0,0,0,0,0,0,0,0,0,0,0,0,0,0,0,0,0,0,0,0,0,0,0,0,0,0,0,0,0,0,0,0,0,0,0,0,0,0,0,0,1,0,0,0,0,0,0,0,0,0,0,0,0,0,0,0,0,0,0,0,0,0,0,0,0,0,0,0,0,0,0,0,0,0,0,0,0,0,0,0,0,0,0,0,0,0,0,0,0,0,0,0,0,0,0,0,0,0,0,0,0,0,0,0,0,0,0,0,0,0,0,0,0,0,0,0,0,0,0,0,0,0,0,0,0,0,0,0,0,0,0,0,0,0,0,0,0,0,0,0,0,0,0,0,0,0,0,0,0,0,0,0,0,0,0,0,0,0,0,0,0,0,0,0,0,0,0,0,0,0,0,0,0,0,0,0,0,0,0,0,0,0,0,0,0,0,0,0,0,0,0,0,0,0,0,0,0,0,0,0,0,0,0,0,0,0,0,0,0,0,0,0,0,0,0,0,0,0,0,0,0,0,0,0,0,0,0,0,0,0,0,0,0,0,0,0,0,0,0,0,0,0,0,0,0,0,0,0,0,0,0,0,0,0,0,0,0,0,0,0,0,0,0,0,0,0,0,0,0,0,0,0,0,0,0,0,0,0,0,0,0,0,0,0,0,0,0,0,0,0,0,0,0,0,0,0,0,0,0,0,0,0,0,0,0,0,0,0,0,0,1,0,1,0,0,0,0,0,0,0,0,0,0,0,0,0,0,0,0,0,0,0,0,0,0,0,0,0,0,0,0,0,0,0,0,0,0,0,0,0,0,0,0,0,0,0,0,0,0,0,0,0,0,0,0,0,0,0,0,0,0,0,0,0,0,0,0,0,0,0,0,0,0,0,0,0,0,0,0,0,0,0,0,0,0,0,0,0,0,0,0,0,0,0,0,0,0,0,0,0,0,0,0,0,1,
55,0.000006,0.000011,0.152357,0.014970,0.746530,0.746530,0.000425,0.000433,1.950610,43893.746094, , , ,12,21,10,19,14,15,16,19,15,10,17,21,19,12,12,22,18,10,15,14,14,16,21,16,18,16,11,19,8,18,9,20,26,21,18,17,14,22,9,24,15,11,12,32,13,14,12,18,18,15,14,20,17,9,19,15,16,11,13,24,21,9,9,15,22,16,20,11,21,12,15,15,13,20,19,20,13,14,14,12,16,22,13,15,19,17,12,24,19,16,15,11,16,12,16,12,15,22,13,16,22,18,22,16,17,12,12,19,15,15,12,21,22,15,17,10,14,19,14,7,12,16,18,18,9,15,13,11,20,13,18,13,15,13,12,18,13,10,17,15,11,11,10,17,25,8,17,15,9,17,16,17,15,12,16,18,16,11,23,13,13,12,14,18,13,21,17,9,18,13,16,17,23,7,11,9,15,22,17,13,12,13,14,9,8,11,13,12,13,13,15,17,16,10,15,16,18,11,14,13,12,13,13,10,15,15,18,8,13,14,9,13,12,9,13,13,16,9,6,11,16,14,14,14,11,11,15,14,14,5,7,11,8,14,12,8,9,10,12,9,5,10,14,16,10,11,10,7,13,8,12,18,11,14,15,8,5,10,14,8,12,12,6,6,6,12,7,13,8,10,10,8,9,11,10,3,8,7,13,10,12,9,8,13,13,11,12,10,8,7,9,7,8,6,7,8,8,7,6,10,4,8,8,11,5,9,10,6,9,3,4,5,4,6,8,9,7,7,3,5,6,8,9,9,5,6,4,13,2,8,4,11,8,6,9,6,6,8,10,3,3,7,2,11,7,3,10,9,10,9,4,7,7,3,8,9,2,8,6,8,4,9,4,3,5,5,7,8,8,7,7,9,4,7,3,5,9,6,3,6,3,10,6,9,6,5,7,4,6,7,4,1,4,7,3,5,5,8,6,4,3,5,5,4,3,4,6,7,10,5,1,6,3,4,4,9,4,5,2,2,4,6,6,3,4,1,5,6,7,4,4,3,7,2,0,5,3,3,3,2,5,3,3,6,2,3,6,5,2,4,9,4,4,4,3,1,3,2,6,3,3,6,5,2,5,5,3,5,1,8,1,3,1,1,5,4,2,1,2,3,3,3,3,2,4,3,5,2,5,0,3,3,3,2,2,2,5,6,3,3,2,3,1,1,1,2,5,1,1,3,1,0,2,3,3,3,1,2,5,0,3,0,4,4,2,1,1,2,0,2,1,1,3,1,0,1,0,0,3,3,2,3,3,2,0,1,2,2,0,1,1,1,1,1,0,2,3,0,0,2,6,0,2,1,0,2,1,3,4,2,0,1,4,0,4,1,4,1,0,1,0,1,0,1,1,0,2,1,2,1,2,0,0,1,0,2,1,1,0,2,1,1,1,0,0,2,0,1,0,0,1,1,1,1,1,2,0,1,2,0,1,1,2,0,0,0,0,0,1,0,0,1,1,2,1,0,1,1,0,1,2,0,3,1,2,1,3,0,1,0,0,1,1,1,1,1,0,0,0,2,0,0,2,1,1,0,0,0,0,0,0,2,1,0,1,1,0,1,0,0,2,2,0,0,0,0,1,0,0,0,1,0,0,0,0,0,0,1,0,1,0,0,0,3,0,0,0,0,1,1,0,1,0,0,1,0,0,0,0,0,0,0,0,0,0,1,1,1,0,1,3,0,0,0,0,0,1,0,0,1,0,1,0,0,1,0,0,0,0,0,0,0,0,0,0,0,0,0,0,0,0,0,0,0,0,0,0,0,1,0,0,0,0,0,0,1,0,0,1,0,0,0,0,0,0,0,0,0,0,0,0,0,0,0,0,0,0,0,0,0,0,0,0,0,0,0,0,0,0,0,0,1,0,0,0,0,0,0,0,0,0,0,0,0,0,0,0,1,0,0,0,0,0,0,1,0,0,0,0,0,0,0,0,0,0,0,0,0,0,0,0,0,0,0,0,0,0,0,0,0,1,0,0,0,0,1,1,0,0,0,1,0,0,0,0,0,0,0,0,0,0,0,0,0,0,0,0,0,0,0,0,0,0,0,0,0,0,0,0,0,0,0,0,0,0,0,0,0,0,0,1,0,1,0,0,0,0,0,0,0,0,0,0,0,0,0,0,0,0,0,0,0,0,0,0,0,0,0,0,0,0,0,0,0,1,0,0,0,0,0,0,0,0,0,0,0,0,0,0,0,0,0,0,0,0,0,0,0,0,0,0,0,0,0,0,0,0,0,0,0,0,0,0,0,0,0,0,0,0,0,0,0,0,0,0,0,0,0,0,1,
72,0.000006,0.000020,0.137756,0.011627,0.643160,0.643141,-0.015573,-0.015565,0.049722,50948.406250, , , ,0,0,0,0,0,0,0,0,0,0,0,0,0,0,0,0,0,0,0,0,0,0,0,1,1,0,0,0,0,1,0,0,0,0,0,0,0,0,0,1,0,0,0,0,0,0,1,1,1,1,0,0,1,0,0,0,0,0,0,0,0,0,0,0,0,0,0,0,0,0,0,0,0,0,0,0,0,0,0,0,0,0,1,0,1,0,0,0,0,0,0,0,0,0,0,0,0,1,0,1,0,0,0,0,0,1,0,0,0,0,0,0,0,0,0,0,0,0,0,1,0,0,0,0,0,0,0,0,0,0,0,0,0,0,0,0,0,0,0,0,0,0,0,0,0,0,0,0,0,0,0,0,0,0,0,0,0,0,0,0,0,0,0,0,0,0,0,0,0,0,0,0,0,0,0,0,0,0,0,0,0,0,0,0,0,0,0,0,0,0,0,0,0,0,0,0,0,0,0,0,0,0,0,0,0,0,0,0,0,0,0,0,0,0,0,0,0,0,0,0,0,0,0,0,0,0,0,0,1,0,0,0,0,0,0,0,0,1,0,0,0,0,0,0,0,0,0,1,0,0,0,0,0,0,0,0,0,0,0,0,0,0,0,0,0,0,0,0,0,0,0,0,0,0,0,0,0,0,0,0,0,0,0,0,1,0,0,0,0,0,0,0,0,0,0,0,0,0,0,0,0,0,0,0,0,0,0,0,0,0,0,0,0,0,0,0,0,0,0,0,0,0,0,0,0,0,0,0,0,0,0,0,0,0,0,0,0,0,0,0,0,0,0,0,0,0,0,0,0,0,0,0,0,0,0,0,0,0,0,0,0,0,0,0,0,0,0,0,0,0,0,0,0,0,0,0,0,0,0,0,0,0,0,0,0,0,0,0,0,0,0,0,0,0,0,0,0,0,0,0,0,0,0,0,0,0,0,0,0,0,0,0,0,0,0,0,0,0,0,0,0,0,0,0,0,0,0,0,0,0,0,0,0,0,0,0,0,0,1,0,0,0,0,0,0,0,0,0,0,0,0,0,0,0,0,0,0,0,0,0,0,0,0,0,0,0,0,0,0,0,0,0,0,0,0,0,0,0,0,0,0,0,0,0,0,0,1,0,0,1,0,0,0,0,0,0,0,0,0,0,0,0,0,0,0,0,0,0,0,0,0,0,0,0,0,0,0,0,0,0,0,0,0,0,0,0,0,0,0,0,0,0,0,0,0,0,0,0,0,0,0,0,0,0,0,0,0,0,0,0,0,0,0,0,0,0,0,0,0,0,0,0,0,0,0,0,0,0,0,0,0,0,0,0,0,0,0,0,0,0,0,0,0,0,0,0,0,0,0,0,0,0,0,0,0,0,0,0,0,0,0,0,0,0,0,0,0,0,0,0,0,0,0,0,0,0,0,0,0,0,0,0,0,0,0,0,0,0,0,0,0,0,0,0,0,0,0,0,0,0,0,0,0,0,0,0,0,0,0,0,0,0,0,0,0,0,0,0,0,0,0,0,0,0,0,0,0,0,0,0,0,0,0,0,0,0,0,0,0,0,0,0,0,0,0,0,0,0,0,0,0,0,0,0,0,0,0,0,0,0,0,0,0,0,0,0,0,0,0,0,0,0,0,0,0,0,0,0,0,0,0,0,0,0,0,0,0,0,0,0,0,0,0,0,0,0,0,0,0,0,0,0,0,0,0,0,0,0,0,0,0,0,0,0,0,0,0,0,0,0,0,0,0,0,0,0,0,0,0,0,0,0,0,1,0,0,0,0,0,0,0,0,0,0,0,0,0,0,0,0,0,0,0,0,0,0,0,0,0,0,0,0,0,0,0,0,0,0,0,0,0,0,0,0,0,0,0,0,0,0,0,0,0,0,0,0,0,0,0,0,0,0,0,0,0,0,0,0,0,0,0,0,0,0,0,0,0,0,0,0,0,0,0,0,0,0,0,0,0,0,0,0,0,0,0,0,0,0,0,0,0,0,0,0,0,0,0,0,0,0,0,0,0,0,0,0,0,0,0,0,0,0,0,0,0,0,0,0,0,0,0,0,0,0,0,0,0,0,0,0,0,0,0,0,0,0,0,0,0,0,0,0,0,0,0,0,0,0,0,0,0,0,0,0,0,0,0,0,0,0,0,0,0,0,0,0,0,0,0,0,0,0,0,0,0,0,0,0,0,0,0,0,0,0,0,0,0,0,0,0,0,0,0,0,0,0,0,0,0,0,0,0,0,0,0,0,0,0,0,0,0,0,0,0,0,0,0,0,1,0,
72,0.000007,0.000014,0.047982,0.105893,0.899205,0.899205,-0.000098,-0.000110,12.478442,36441.066406, , , ,176,168,156,205,184,176,174,172,187,186,151,171,158,153,153,153,118,139,134,111,113,128,109,112,118,119,96,88,90,86,77,51,64,85,64,63,76,59,77,53,68,56,55,44,54,57,55,35,56,49,39,26,50,42,42,27,34,40,37,35,31,36,27,35,33,23,29,33,37,21,21,29,26,27,20,22,23,14,22,23,24,16,25,24,18,15,19,17,13,16,18,21,9,21,9,16,13,14,17,16,17,9,9,15,9,11,17,13,13,14,9,5,7,11,8,16,6,5,9,3,9,4,12,9,8,9,13,5,5,9,8,4,12,4,4,10,8,7,7,9,9,4,5,8,4,5,6,7,4,7,2,3,5,1,7,5,3,3,6,4,11,2,4,4,2,3,2,0,5,0,3,3,4,6,3,3,5,1,1,3,1,1,4,1,6,1,1,2,3,4,3,3,3,3,3,4,3,3,3,4,3,4,3,1,2,4,5,1,3,0,2,4,1,1,3,1,1,0,4,1,0,2,3,3,4,2,4,2,2,2,1,4,2,3,0,2,1,2,4,2,1,1,1,0,0,1,2,1,1,0,0,1,0,5,2,1,2,1,0,1,1,1,2,0,0,0,0,4,0,0,0,1,0,2,2,2,0,4,1,0,0,1,0,1,1,2,3,0,1,1,1,0,2,0,4,0,0,0,3,1,3,0,0,2,1,2,0,1,2,2,0,0,2,0,0,0,2,0,2,0,0,0,0,0,0,3,2,2,0,0,1,1,1,0,0,1,1,2,1,0,2,0,0,3,0,2,0,0,1,0,2,0,1,2,1,3,0,2,0,0,0,2,1,0,1,1,2,3,1,1,0,0,0,0,0,1,1,1,1,1,0,1,0,0,3,1,3,1,0,0,3,1,1,1,1,0,2,0,1,2,0,0,0,0,0,0,1,1,0,0,1,2,0,1,0,0,0,1,0,0,2,0,1,0,0,2,0,1,2,1,0,0,1,0,3,1,0,0,0,0,0,3,4,0,0,0,0,1,1,0,2,0,1,0,1,0,1,1,0,0,0,1,1,0,0,3,0,0,2,0,1,1,3,1,0,1,0,0,0,0,0,0,0,1,0,0,1,0,1,0,1,1,0,0,0,1,0,0,0,0,1,1,1,0,0,0,0,0,0,1,0,0,1,0,0,0,0,1,0,2,1,1,1,0,0,0,0,0,0,0,1,0,1,0,0,0,0,1,0,1,0,0,2,0,2,0,0,0,0,0,0,2,2,1,0,0,0,1,0,1,0,1,1,1,0,0,0,0,1,0,0,0,0,1,0,1,0,2,1,0,0,0,0,0,0,1,0,0,0,0,0,1,0,1,0,0,0,0,1,1,0,1,0,0,2,0,0,1,0,0,0,0,0,0,1,0,0,0,0,0,1,0,0,0,0,0,0,0,1,0,0,0,0,1,0,0,1,0,0,0,1,1,0,0,0,0,0,0,0,0,0,0,0,0,0,1,0,0,0,0,1,0,0,0,0,2,1,0,0,0,1,0,0,0,1,0,0,0,0,0,0,0,0,0,0,0,0,0,0,0,0,0,0,0,0,0,1,1,0,0,0,0,0,0,0,0,0,0,0,1,0,1,0,0,0,0,0,0,0,0,0,0,0,0,0,0,0,0,0,0,0,0,0,0,1,0,0,0,0,1,1,0,0,0,0,0,0,0,0,0,0,1,0,0,0,0,0,1,0,0,0,0,0,0,0,0,0,0,0,0,0,0,0,0,0,0,0,0,0,0,0,0,0,0,0,0,0,0,0,0,0,0,1,0,0,0,0,0,0,0,1,0,0,0,0,0,0,0,0,0,0,1,0,0,0,0,0,0,0,0,0,0,0,0,0,0,0,0,0,0,0,0,0,0,0,0,0,0,0,0,0,0,0,0,0,0,0,0,0,0,0,0,0,0,0,0,0,0,0,0,0,0,0,0,0,0,0,0,0,0,0,0,0,0,0,0,0,0,0,0,0,0,0,0,0,0,0,0,0,0,0,0,0,0,0,0,0,0,1,0,0,0,0,0,0,0,0,0,2,0,0,0,0,0,0,0,0,0,0,0,0,0,0,0,0,0,0,0,0,0,0,0,0,0,0,0,0,0,0,0,0,0,0,0,0,0,0,0,0,0,0,0,0,0,0,0,0,0,0,0,0,0,0,0,0,0,0,0,0,0,0,0,0,0,0,0,0,0,0,0,0,0,0,0,0,0,0,0,0,0,0,0,0,0,0,0,0,0,1,0,
73,0.000001,0.000005,0.027822,0.026121,0.172898,0.172892,-0.000157,-0.000158,1.068760,189522.515625, , , ,1,0,1,0,0,0,1,0,0,0,0,0,0,0,0,0,1,0,0,0,0,0,0,0,0,1,0,0,1,0,0,1,0,0,2,0,0,2,0,1,1,0,0,0,1,1,0,0,0,1,0,0,1,0,2,2,0,1,1,0,0,1,0,0,1,1,1,0,1,1,2,1,2,2,0,0,1,0,0,0,0,1,0,1,0,0,0,1,2,0,0,1,0,0,0,0,0,0,1,2,0,0,0,0,0,0,1,0,0,0,0,0,1,0,0,1,0,0,0,1,1,0,0,1,0,0,0,0,0,0,0,0,1,0,0,0,0,2,0,1,1,0,0,0,0,1,2,0,1,0,1,1,0,1,0,1,0,0,0,0,0,0,1,0,0,0,0,0,0,0,0,0,0,1,0,0,1,0,0,0,0,0,0,0,1,0,0,0,0,0,0,2,0,0,1,0,0,0,0,0,0,0,0,0,0,0,0,0,0,0,0,0,0,0,0,0,1,0,0,0,0,0,0,0,0,0,0,0,1,0,0,0,0,0,0,0,0,0,0,0,0,0,0,0,0,0,0,0,0,1,0,0,2,0,0,0,0,0,0,0,0,0,0,0,0,0,0,0,0,0,0,0,0,0,0,0,0,0,0,0,0,0,0,0,0,0,0,0,0,0,0,0,0,0,0,0,0,0,0,0,0,0,0,0,0,0,0,0,0,0,0,0,0,0,0,0,0,1,0,0,0,0,0,0,0,0,0,0,0,0,0,0,0,0,0,0,0,0,0,0,0,0,0,0,0,0,0,0,0,0,0,0,0,0,0,0,0,0,0,0,0,0,0,0,0,0,0,0,0,0,0,0,0,0,0,0,0,0,0,0,0,0,0,0,0,0,0,0,0,0,0,0,0,0,0,0,0,0,0,0,0,0,0,0,0,0,0,0,0,0,0,0,0,0,0,0,0,0,0,0,0,0,0,0,0,0,0,0,0,0,0,0,0,0,0,0,0,0,0,0,0,0,0,0,0,0,0,0,0,0,0,0,0,0,0,0,0,0,0,0,0,0,0,0,0,0,0,0,0,0,0,0,0,0,0,0,0,0,0,0,0,0,0,0,0,0,0,0,0,0,0,0,0,0,0,0,0,0,0,0,0,0,0,0,0,0,0,0,0,0,0,0,0,0,0,0,0,0,0,0,0,0,0,0,0,0,0,0,0,0,0,0,0,0,0,0,0,0,0,0,0,0,0,0,0,0,0,0,0,0,0,0,0,0,0,0,0,0,0,0,0,0,0,0,0,0,0,0,0,0,0,0,0,0,0,0,0,0,0,0,0,0,0,0,0,0,0,0,0,0,0,0,0,0,0,0,0,0,0,0,0,0,0,0,0,0,0,0,0,0,0,0,0,0,0,0,0,0,0,0,0,0,0,0,0,0,0,0,0,0,0,0,0,0,0,0,0,0,0,0,0,0,0,0,0,0,0,0,0,0,0,0,0,0,0,0,0,0,0,0,0,0,0,0,0,0,0,0,0,0,0,0,0,0,0,0,0,0,0,0,0,0,0,0,0,0,0,0,0,0,0,0,0,0,0,0,0,0,0,0,0,0,0,0,0,0,0,0,0,0,0,0,0,0,0,0,0,0,0,0,0,0,0,0,0,0,0,0,0,0,0,0,0,0,0,0,0,0,0,0,0,0,0,0,0,0,0,0,0,0,0,0,0,0,0,0,0,0,0,0,0,0,0,0,0,0,0,0,0,0,0,0,0,0,0,0,0,0,0,0,0,0,1,0,0,0,0,0,0,0,0,0,0,0,0,0,0,0,0,0,0,0,0,0,0,0,0,0,0,0,0,0,0,0,0,0,0,0,0,0,0,0,0,0,0,0,0,0,0,0,0,0,0,0,0,0,0,0,0,0,0,0,0,0,0,0,0,0,0,0,0,0,0,0,0,0,0,0,0,0,0,0,0,0,0,0,0,0,0,0,0,0,0,0,0,0,0,0,0,0,0,0,0,0,0,0,0,0,0,0,0,0,1,0,0,0,0,0,0,0,0,0,0,0,0,0,0,0,1,0,0,0,0,0,0,0,0,0,0,0,0,0,0,0,0,0,0,0,0,0,0,0,0,0,0,0,0,0,0,0,1,0,0,0,0,0,1,0,0,0,0,0,0,0,0,0,0,0,0,0,0,0,0,0,0,0,0,0,0,0,0,0,0,0,0,0,0,0,0,0,0,0,0,0,0,0,0,0,0,0,0,0,0,0,0,0,0,0,1,0,
73,0.000005,0.000020,0.123378,0.021554,0.642159,0.642139,0.000050,0.000059,17.655027,51027.886719, , , ,88,110,77,90,76,92,91,95,83,100,86,86,104,96,94,83,73,91,87,114,101,83,106,88,84,90,94,99,83,91,98,82,76,111,95,97,80,93,77,72,84,93,86,83,83,108,90,79,95,87,83,104,75,93,79,89,77,74,68,94,83,98,100,86,72,95,85,89,107,90,88,91,74,80,81,86,73,76,90,96,94,78,94,92,82,73,69,73,84,83,72,73,98,83,78,64,84,95,67,93,91,60,85,70,81,90,81,70,94,81,67,77,79,75,74,84,79,85,85,94,80,83,80,80,77,71,70,71,72,75,72,76,75,68,59,83,62,84,90,83,73,76,72,79,87,76,86,69,68,80,72,82,81,66,69,74,75,77,69,68,73,64,83,58,64,68,59,91,76,56,61,68,70,56,68,76,72,56,73,61,60,72,78,65,73,59,67,78,82,53,72,71,69,65,70,53,56,59,54,65,63,59,78,54,60,58,53,72,47,51,63,54,49,61,55,55,66,73,74,44,61,51,55,56,39,57,56,69,52,54,51,56,58,54,49,63,57,65,56,43,50,66,56,58,52,54,42,53,51,46,65,52,58,49,41,47,48,65,50,45,39,58,42,44,61,38,48,49,51,41,53,47,58,49,42,43,49,45,49,54,37,42,39,40,40,42,53,38,43,48,52,37,39,48,51,48,42,35,34,44,49,34,43,44,38,35,36,39,41,27,60,53,46,34,37,41,36,38,30,34,30,37,31,36,32,37,41,31,24,37,44,24,29,28,48,48,46,34,32,30,31,30,33,40,34,30,31,29,33,31,28,37,20,28,27,34,35,40,30,25,29,29,30,37,23,26,32,26,30,26,23,28,29,30,27,24,29,36,37,24,20,20,17,24,25,24,28,27,25,10,29,19,25,29,21,14,21,18,22,29,14,20,15,22,22,19,26,26,23,27,22,18,14,19,21,19,19,28,20,15,28,19,15,24,16,11,25,21,19,11,20,11,14,10,14,19,20,14,17,16,17,16,9,16,17,14,16,17,21,18,19,20,15,21,12,12,18,16,13,8,16,19,17,16,9,16,13,10,13,15,10,9,12,10,19,10,9,10,17,10,10,12,8,10,8,14,12,16,10,13,11,12,11,6,12,12,9,8,8,6,11,6,11,19,12,15,5,11,10,4,5,10,8,8,9,11,11,7,12,10,6,10,3,8,9,13,8,13,8,9,6,4,7,6,9,14,8,16,9,6,9,7,7,12,6,8,10,7,5,5,1,8,4,6,4,8,6,6,7,4,2,7,6,7,10,5,9,7,5,7,6,4,5,5,4,4,6,5,6,7,7,8,4,2,6,4,6,7,5,4,3,5,4,3,3,6,2,8,3,1,2,3,2,0,6,5,7,2,4,3,3,2,3,5,5,3,7,2,0,7,2,1,2,6,0,4,4,5,4,4,0,4,9,2,2,3,4,2,4,0,3,1,2,4,3,2,2,3,3,2,2,4,1,2,1,3,2,2,1,3,0,5,3,2,0,3,1,0,3,3,2,2,4,1,2,1,4,1,3,1,1,0,0,1,0,3,2,2,1,0,2,1,2,3,3,0,0,1,1,1,1,6,1,1,2,1,0,1,0,3,2,1,1,0,2,0,1,2,1,5,3,1,2,2,3,0,0,2,0,0,1,1,0,0,0,2,1,0,0,1,0,2,1,0,1,0,1,1,0,2,0,0,1,1,1,0,0,2,1,0,1,0,0,2,1,1,0,0,0,1,0,1,1,0,2,0,0,1,0,1,0,1,0,1,0,1,0,0,1,0,1,1,0,1,1,0,0,0,0,0,0,1,0,1,0,0,0,1,0,1,0,0,1,1,0,0,1,0,1,1,0,0,0,0,1,0,0,0,0,0,0,0,0,0,0,0,0,0,0,0,0,0,0,1,0,0,1,1,0,0,0,0,0,1,0,1,0,0,0,0,0,0,0,0,0,0,0,0,0,0,1,0,0,0,0,0,0,1,0,0,0,0,0,0,0,0,0,0,0,0,0,0,0,0,0,0,0,0,0,0,0,0,0,0,1,1,0,0,0,0,1,0,0,0,0,0,0,0,0,0,0,0,0,0,0,0,0,0,0,0,0,0,0,0,0,0,0,0,0,0,0,0,0,0,0,0,1,0,0,0,0,0,0,0,0,0,0,0,1,0,0,0,0,0,0,0,0,0,0,0,0,0,0,0,0,0,0,0,0,0,0,0,0,0,0,0,0,0,0,0,0,0,0,0,0,0,0,0,0,1,
78,0.000003,0.000011,0.154482,0.009469,0.367401,0.367389,0.001887,0.001884,0.152501,89188.734375, , , ,0,0,0,0,0,1,0,0,0,0,0,0,0,0,0,0,0,0,0,0,0,0,0,0,0,0,0,0,0,0,0,0,0,0,0,0,0,0,0,1,0,0,0,0,0,0,0,0,0,0,1,1,0,0,0,0,0,0,0,0,0,0,0,0,0,0,0,0,0,0,0,0,0,0,0,0,0,0,0,0,0,0,0,0,0,0,0,0,0,0,0,0,0,0,0,0,0,0,0,0,0,0,0,0,0,0,0,0,0,0,0,0,0,0,0,0,0,0,0,0,0,0,0,0,0,0,0,0,0,0,0,0,0,0,0,0,0,0,0,0,0,0,0,0,0,0,0,0,0,0,0,0,0,0,0,0,0,0,0,0,0,0,0,0,0,0,0,0,0,0,0,0,0,0,0,0,0,0,0,0,0,0,0,0,0,0,0,0,0,0,0,0,0,0,0,0,0,0,0,0,0,0,0,0,0,0,0,0,0,0,0,0,0,0,0,1,0,1,0,0,0,0,0,0,0,0,0,0,0,0,0,0,1,0,0,0,0,0,1,0,0,0,0,0,0,0,0,0,0,0,0,1,0,0,0,0,1,0,0,0,0,0,0,0,0,0,0,0,0,0,0,0,0,0,0,0,0,0,0,0,0,0,0,0,0,0,0,0,1,0,0,0,0,0,0,0,0,0,0,0,0,0,0,0,0,0,0,0,0,0,0,0,0,0,0,0,0,0,0,0,0,0,0,0,0,0,0,0,0,0,0,0,0,0,0,0,0,0,0,0,0,0,0,0,0,0,1,0,0,0,0,0,0,0,0,0,0,0,0,1,0,0,0,0,0,0,0,0,0,0,0,0,0,0,0,0,0,0,0,0,0,0,0,0,0,0,0,0,0,0,0,0,0,0,0,0,0,0,0,0,0,0,0,0,0,0,0,0,0,0,0,0,0,0,0,0,0,0,0,0,0,0,0,0,0,0,0,0,0,0,0,0,0,0,0,0,0,0,0,0,0,0,0,0,0,0,0,0,0,1,0,0,0,0,0,0,0,0,0,0,0,0,0,0,0,0,0,0,0,0,0,0,0,0,0,1,0,0,0,0,0,0,0,0,0,0,0,0,0,0,0,0,0,0,0,0,0,0,0,0,0,0,0,0,0,0,0,0,0,0,0,0,0,0,0,0,0,0,0,0,0,0,0,0,0,0,0,0,0,0,0,0,0,0,0,0,0,0,0,0,0,0,0,0,0,0,0,0,0,0,0,0,0,0,0,0,0,0,0,0,0,0,0,0,0,0,0,0,0,0,0,0,0,1,0,0,0,0,0,0,0,1,0,0,0,0,0,0,0,0,0,0,0,0,0,0,0,0,0,0,0,0,0,0,0,0,0,0,0,0,0,0,0,0,0,0,0,0,0,0,0,0,0,0,0,0,0,0,0,0,0,0,0,0,0,0,0,0,0,0,0,0,0,0,0,0,0,0,0,0,0,0,0,0,0,0,0,0,0,0,0,0,0,0,0,0,0,0,0,0,0,0,0,0,0,0,0,0,0,0,0,0,0,0,0,0,1,0,0,1,0,0,0,0,0,0,0,0,0,0,0,0,0,0,0,0,0,0,0,0,0,0,0,0,1,0,0,0,0,0,0,0,0,0,0,0,0,0,1,0,0,0,0,0,0,0,0,0,0,0,0,0,0,0,0,0,0,0,0,0,0,0,0,0,0,0,0,0,0,0,0,0,0,0,0,0,0,0,0,0,0,0,0,0,0,0,0,0,0,0,0,0,0,1,0,0,0,0,0,0,0,0,0,0,0,0,0,0,0,0,0,0,0,0,0,0,0,0,0,0,0,0,0,0,0,0,0,0,0,0,0,0,0,0,0,0,0,0,0,0,0,0,0,0,0,0,0,0,0,0,0,0,0,0,1,0,0,0,0,0,0,0,0,0,0,0,0,0,0,0,0,0,0,0,0,0,0,0,0,0,0,0,0,0,0,0,0,0,0,0,0,0,0,0,0,0,0,0,0,0,0,0,0,0,0,0,0,0,0,0,0,0,0,0,0,0,0,0,0,0,0,0,0,0,0,0,0,0,0,0,0,0,0,0,0,0,0,0,0,0,0,0,0,0,0,0,0,0,0,0,0,0,0,0,0,0,0,0,0,0,0,0,0,0,0,0,0,0,0,0,0,0,0,0,0,0,0,0,0,0,0,0,0,0,0,0,0,0,0,0,0,0,0,0,0,0,0,0,0,0,0,0,0,0,0,0,0,0,1,0,
78,0.000005,0.000010,0.042226,0.090874,0.651425,0.651425,-0.000051,-0.000060,17.626064,50302.031250, , , ,249,271,243,249,254,239,231,231,209,179,225,243,208,183,188,191,177,194,174,160,166,157,142,158,147,158,139,149,119,134,131,130,121,125,116,139,101,112,105,100,105,84,93,95,80,101,67,70,82,102,90,66,72,69,56,78,70,62,56,73,72,58,52,53,51,59,41,57,67,51,57,36,44,45,54,50,36,54,45,44,36,46,36,41,34,28,30,32,36,31,25,23,31,22,26,27,31,25,30,27,20,27,27,26,41,24,24,22,18,21,12,22,16,26,19,16,23,19,20,18,26,17,19,14,17,13,17,21,13,19,17,14,15,20,5,11,11,15,5,18,11,17,15,17,10,12,10,18,10,8,12,16,5,11,10,11,11,10,9,8,9,15,9,9,7,5,7,2,8,3,6,11,12,7,13,8,8,14,8,7,13,13,5,6,3,7,7,6,8,1,5,7,7,4,11,4,1,10,4,3,5,7,9,8,5,3,5,4,6,10,4,4,4,6,9,2,5,5,5,9,6,6,4,7,5,5,3,7,6,5,9,4,5,4,6,2,5,3,4,7,2,7,5,5,6,3,3,2,3,9,5,3,3,2,9,0,2,3,4,3,3,3,3,3,3,2,7,0,3,2,4,2,4,3,2,2,2,5,2,4,2,2,1,3,3,2,5,3,0,2,5,5,3,2,3,5,4,2,4,3,2,3,4,4,4,2,5,1,0,0,3,2,7,1,4,1,1,3,1,2,1,4,3,5,5,3,0,3,2,1,0,2,1,4,1,2,0,3,0,4,1,5,1,2,2,2,5,1,0,4,2,2,3,2,0,1,3,2,2,0,2,1,3,2,1,4,3,2,1,0,4,1,3,2,1,4,1,2,1,2,2,2,2,0,1,5,1,2,1,3,0,1,1,1,0,2,1,2,1,1,2,0,0,3,3,1,1,0,3,1,1,2,0,1,1,1,1,1,1,0,2,0,2,2,2,1,1,0,0,2,1,2,4,0,1,1,0,2,1,2,3,0,2,0,0,2,0,0,2,1,1,1,2,1,2,2,1,1,0,1,2,1,0,1,0,2,2,0,2,2,2,1,1,1,0,1,1,0,0,0,0,0,1,0,1,1,2,3,0,1,0,0,1,0,2,0,0,1,1,0,0,0,0,2,1,2,2,2,1,1,0,0,0,2,0,0,1,0,0,2,1,1,0,1,0,0,1,2,0,1,0,0,1,1,1,0,3,0,0,1,3,0,0,1,0,1,4,0,2,2,3,0,0,0,1,2,0,1,1,1,0,0,1,0,1,1,0,0,0,0,1,0,0,0,2,1,0,3,0,1,1,0,0,0,1,1,1,0,1,1,0,0,0,1,1,2,0,1,0,0,0,0,2,1,0,0,0,0,1,1,0,2,0,0,0,0,0,0,0,0,1,1,0,0,0,0,0,0,0,1,0,1,4,0,0,0,1,0,0,0,0,0,0,0,0,0,1,0,0,0,1,0,1,1,0,0,0,0,1,1,2,1,0,2,0,0,0,0,0,0,0,0,0,0,0,0,0,0,0,0,0,0,0,0,0,0,0,0,0,0,1,0,0,0,0,0,0,0,0,0,0,0,1,0,0,0,0,1,0,1,0,0,0,0,0,1,0,0,0,1,0,0,0,0,0,0,0,0,0,0,1,0,0,1,0,0,0,0,0,0,1,1,1,0,0,1,0,0,0,0,0,0,0,0,0,0,1,0,0,0,0,0,0,0,0,0,1,1,0,0,0,0,0,0,1,1,0,0,0,1,0,0,0,0,0,1,0,0,0,0,0,0,0,0,0,0,0,0,0,1,0,0,0,0,1,0,0,0,0,0,0,0,0,0,0,0,0,0,0,0,0,0,0,0,0,0,0,0,0,0,0,0,0,0,0,0,0,0,0,0,0,0,0,0,0,0,0,0,0,0,0,0,0,0,0,0,0,0,0,0,0,0,0,0,0,0,0,0,1,0,0,0,0,0,0,0,0,0,0,0,0,0,0,0,0,1,0,0,0,0,0,0,0,0,0,0,0,0,0,0,0,0,0,0,0,0,1,0,0,0,0,0,0,0,0,0,0,0,0,0,0,0,0,0,0,1,0,0,0,0,0,1,0,0,1,0,0,0,0,0,0,0,0,0,0,0,0,0,0,0,0,0,0,0,0,0,0,0,0,0,1,0,0,0,1,0,0,0,0,0,0,0,0,0,0,0,0,0,0,0,0,0,0,0,0,0,0,0,0,0,0,0,0,0,0,1,1,0,0,1,
79,0.000001,0.000004,0.022212,0.102865,0.137341,0.137337,-0.000027,-0.000025,5.669979,238588.765625, , , ,1,1,1,0,0,1,0,0,1,2,1,0,0,0,4,0,0,2,0,0,1,0,1,0,0,1,1,0,0,0,1,0,1,0,0,0,1,0,0,0,0,0,0,2,0,0,1,0,0,1,1,0,0,0,0,0,0,1,0,0,0,0,1,0,0,0,0,1,0,0,0,0,1,0,0,0,0,0,1,0,0,0,1,1,0,1,0,1,1,0,2,0,1,0,0,0,0,0,1,0,0,0,0,1,0,1,1,0,0,0,0,0,0,0,1,0,1,0,0,2,0,0,0,1,1,0,0,0,0,0,1,0,0,0,1,1,0,2,0,0,2,0,1,0,1,0,1,0,0,0,0,0,0,0,0,0,1,0,0,1,0,0,1,0,0,0,0,0,2,0,1,1,0,0,0,0,0,0,0,0,1,0,1,0,0,1,0,0,0,0,0,1,0,0,0,0,0,0,0,0,0,0,0,0,0,0,0,0,0,1,0,0,0,0,0,0,1,0,0,0,0,0,0,0,1,0,0,0,0,0,0,0,0,0,0,0,0,0,0,0,0,0,0,0,0,0,0,0,0,0,0,0,0,0,0,1,0,0,0,0,0,0,0,0,0,0,0,0,0,0,0,0,0,0,0,0,0,0,0,0,0,0,0,0,0,0,0,0,1,0,0,0,0,0,0,0,0,0,0,0,0,0,0,0,0,0,0,0,0,0,0,0,0,0,0,0,0,0,0,0,0,0,1,0,0,0,0,0,0,0,0,0,0,0,0,0,0,0,0,0,0,0,0,0,0,0,0,0,0,0,0,0,0,0,0,0,0,0,0,0,0,0,0,0,0,0,0,0,0,0,0,0,0,0,0,0,1,0,1,0,0,0,0,0,0,0,0,0,0,0,0,0,0,0,0,0,0,0,0,0,0,0,0,0,0,0,0,0,0,0,0,0,0,0,0,0,0,0,0,0,0,0,0,0,0,0,0,0,0,0,0,0,0,0,0,0,0,0,0,0,0,0,0,0,0,0,0,0,0,0,0,0,0,0,0,0,0,0,0,0,0,0,0,0,0,0,0,0,0,0,0,0,0,0,0,0,0,0,0,0,0,0,0,0,0,0,0,0,0,0,0,0,0,0,0,0,0,0,0,0,0,0,0,0,0,0,0,0,0,0,0,0,0,0,0,0,0,0,0,0,0,0,0,0,0,0,0,0,0,0,0,0,0,0,0,0,0,0,0,0,0,0,0,0,0,0,0,0,0,0,0,0,0,0,0,0,0,0,0,0,0,0,0,0,0,0,0,0,0,0,0,0,0,0,0,0,0,0,0,0,0,0,0,0,0,0,0,0,0,0,0,0,0,0,0,0,0,0,0,0,0,0,0,0,0,0,0,0,0,0,0,0,0,0,0,0,0,0,0,0,0,0,0,0,0,0,0,0,0,0,0,0,0,0,0,0,0,0,0,0,0,0,0,0,0,0,0,0,0,0,0,0,0,0,0,0,0,0,0,0,0,0,0,0,0,0,0,0,0,0,0,0,0,0,0,0,0,0,0,0,0,0,0,0,0,0,0,0,0,0,0,0,0,0,0,0,0,0,0,0,0,0,1,0,0,0,0,0,0,0,0,0,0,0,0,0,0,0,0,0,0,0,0,0,0,0,0,0,0,0,0,0,0,0,0,0,0,0,0,0,0,0,0,0,0,0,0,0,0,0,0,0,0,0,0,0,0,0,0,0,0,0,0,0,0,0,0,0,0,0,0,0,0,0,0,0,0,0,0,0,0,0,0,0,0,0,0,0,0,0,0,0,0,0,0,0,0,0,0,0,0,0,0,0,0,0,0,0,0,0,0,0,0,0,0,0,0,0,0,0,0,0,0,0,0,0,0,0,0,0,0,0,0,0,0,0,0,0,0,0,0,0,0,1,0,0,0,0,0,0,0,0,0,0,0,0,0,0,0,0,0,0,0,0,0,0,0,1,0,0,0,0,0,0,0,0,0,0,0,0,0,0,0,0,0,0,0,0,0,0,0,0,0,0,0,0,0,0,0,0,0,0,0,0,0,0,0,0,0,0,0,0,0,0,0,0,0,0,0,0,0,1,0,0,0,0,0,0,0,0,0,0,0,0,0,0,0,0,0,0,1,0,0,0,0,0,0,0,0,0,0,0,0,0,0,0,0,0,0,0,0,0,0,0,0,0,0,0,0,0,0,0,0,0,0,0,0,0,0,0,0,0,0,0,0,0,0,0,0,0,0,0,0,0,0,0,0,0,0,1,
79,0.000006,0.000023,0.122552,0.023073,0.742754,0.742731,-0.000058,-0.000068,16.891870,44116.906250, , , ,160,156,156,177,202,161,156,185,163,170,146,165,169,156,157,185,177,178,178,173,175,172,136,181,176,145,162,156,174,168,137,168,151,141,191,161,171,175,167,185,163,212,179,184,161,143,158,180,165,167,172,168,157,151,183,169,154,162,154,157,163,174,152,158,177,143,147,144,154,160,150,133,155,148,166,122,162,155,150,150,145,141,134,146,129,155,151,146,167,151,151,132,156,170,149,152,142,135,147,156,158,155,163,147,144,141,147,131,147,123,155,125,144,151,141,131,165,149,158,153,145,124,145,135,131,130,155,141,132,148,141,131,132,122,148,126,126,127,156,163,146,140,137,137,133,133,131,125,145,127,119,140,125,114,123,120,110,129,130,141,123,132,102,122,116,126,111,123,104,106,116,115,97,113,112,120,130,122,108,104,102,115,124,91,110,128,114,105,116,91,106,119,89,97,110,115,110,105,107,112,86,107,86,102,106,102,97,97,91,96,76,112,113,104,98,83,90,98,87,106,77,78,101,89,89,96,101,81,82,99,95,87,68,108,68,86,79,72,106,91,66,79,66,81,95,81,85,66,68,89,60,89,88,78,79,81,69,78,69,68,67,69,66,85,89,68,82,68,63,75,70,73,68,65,85,78,64,60,64,71,59,65,58,65,59,56,61,61,77,70,59,66,66,67,65,54,65,49,47,53,48,47,68,63,47,64,51,50,60,53,50,67,52,60,63,46,51,41,59,53,54,48,54,51,40,48,50,46,44,55,49,46,46,40,47,47,40,40,34,51,41,36,38,35,39,39,39,34,43,43,45,42,42,37,36,42,31,38,42,38,30,22,39,37,31,30,37,42,35,33,36,30,40,32,39,35,37,31,31,27,40,31,29,37,29,22,18,24,31,29,30,23,28,23,23,19,31,25,24,22,25,22,32,32,30,30,24,25,21,23,18,19,23,18,20,21,25,27,24,20,27,11,22,20,16,23,20,14,23,16,17,11,26,21,18,16,17,15,19,19,15,15,17,17,22,11,21,12,19,16,15,20,15,14,15,11,15,15,16,19,18,10,8,16,6,10,22,18,12,7,14,11,12,12,10,12,13,12,10,14,11,7,11,15,8,10,11,9,15,7,9,6,6,10,8,12,4,10,12,5,8,13,13,6,5,10,11,10,6,10,11,13,6,7,9,9,5,8,3,7,5,9,9,7,7,5,9,2,6,4,8,4,6,7,11,5,5,4,7,3,8,8,8,7,9,6,4,7,7,7,10,5,5,4,4,3,11,7,5,5,3,4,4,3,3,7,3,1,7,2,2,6,4,4,4,1,6,2,1,2,2,3,6,1,3,1,2,3,5,3,2,1,2,4,4,3,4,2,1,5,0,1,3,4,1,2,0,1,4,3,5,2,4,0,0,4,3,2,6,1,2,1,3,5,1,1,5,0,2,0,1,2,2,1,3,1,2,4,4,1,2,3,3,3,2,1,1,0,1,1,1,1,1,2,1,2,0,2,3,0,1,0,1,0,2,1,0,0,0,2,1,1,1,1,1,0,2,1,0,0,2,0,0,0,0,3,1,2,1,1,0,0,0,2,1,1,0,1,1,2,1,0,0,1,2,1,0,1,0,1,0,1,1,0,1,2,0,1,0,2,0,0,0,0,0,0,0,0,0,1,0,0,0,2,1,1,0,0,1,1,0,1,0,1,0,1,1,0,0,0,0,0,0,0,0,0,0,0,0,0,1,0,0,0,1,0,0,1,0,0,0,0,0,0,0,1,0,0,0,0,0,0,0,1,0,0,0,0,0,0,0,0,0,0,0,0,0,0,1,0,0,1,0,0,0,0,0,0,0,0,0,0,0,0,0,0,0,0,0,0,0,0,0,0,0,0,0,0,0,0,0,0,0,0,0,0,0,0,2,0,0,0,0,0,0,0,0,0,0,0,0,0,0,0,0,0,0,0,0,0,0,0,0,0,0,0,0,0,0,0,0,0,0,0,0,0,0,0,0,0,0,0,0,0,0,0,0,0,0,0,0,0,0,0,0,0,0,0,0,0,0,0,0,0,0,0,0,0,0,0,0,0,0,0,0,0,0,0,0,0,0,0,0,0,0,0,0,0,0,0,0,0,0,0,0,0,0,0,0,0,0,0,0,0,0,0,0,0,0,0,0,0,0,0,0,0,0,0,0,0,0,0,0,0,0,0,0,0,0,0,0,0,0,0,0,0,0,0,0,0,0,0,0,0,0,0,0,0,0,0,0,0,0,0,0,0,0,0,0,1,
84,0.000004,0.000007,0.177439,0.007595,0.481733,0.481733,-0.008296,-0.008292,0.048701,68021.046875, , , ,0,0,0,0,0,0,0,0,0,0,0,0,0,0,0,0,0,1,0,0,0,0,0,0,0,1,0,0,0,0,0,0,0,0,0,0,1,0,0,0,1,0,0,0,0,0,0,0,1,0,0,0,0,0,0,0,0,0,0,0,1,0,0,0,0,0,0,0,0,0,0,0,0,0,0,0,0,0,0,0,0,0,0,0,0,0,0,0,0,0,0,0,0,0,0,0,0,0,0,0,0,1,0,0,0,0,0,0,1,0,0,0,0,0,0,0,0,0,0,0,0,0,0,0,0,0,0,0,0,0,0,0,0,0,0,0,0,0,0,0,0,0,0,0,0,0,0,0,0,0,0,0,1,0,0,0,0,0,0,0,0,0,0,0,0,0,0,0,0,0,0,0,0,0,0,0,0,0,0,0,0,0,0,1,0,0,0,0,0,0,0,0,0,0,0,0,0,0,0,0,0,0,0,0,0,0,0,0,0,0,0,0,0,0,0,0,0,0,0,0,0,0,0,0,0,0,0,0,0,0,0,0,0,0,0,0,0,0,0,0,0,0,0,0,0,0,0,0,0,0,0,0,0,0,0,1,0,0,0,0,0,0,0,0,0,0,0,0,0,0,0,0,0,0,0,0,0,0,0,0,0,0,0,0,0,0,0,0,0,0,0,0,0,0,0,0,0,0,0,0,0,0,0,0,0,0,0,0,0,0,0,0,0,0,0,0,0,0,0,0,0,0,0,0,0,0,0,0,0,0,0,0,0,1,0,0,0,0,0,0,0,0,0,0,0,0,0,0,0,0,0,0,0,0,0,1,0,0,0,0,0,0,0,1,0,0,0,0,0,0,0,0,0,0,0,0,0,0,0,0,0,0,0,0,0,0,0,0,0,0,0,0,0,0,0,0,0,0,0,0,1,0,0,0,0,0,0,0,0,0,0,0,0,0,0,0,0,0,0,0,0,0,0,0,0,0,0,0,0,0,0,0,0,0,0,0,0,0,0,0,0,0,0,0,0,0,0,0,0,1,0,0,0,0,0,0,0,0,1,0,0,0,0,0,0,0,0,0,0,0,0,0,0,0,0,0,0,0,0,0,0,0,0,0,0,0,0,0,0,0,0,0,0,0,0,0,0,0,0,0,0,0,0,0,0,0,0,0,0,1,0,0,0,0,0,0,0,0,0,0,0,0,0,0,0,0,0,0,0,0,0,0,0,0,0,0,0,0,0,0,0,0,0,0,0,0,0,0,0,0,0,0,0,0,0,0,0,0,0,0,0,0,0,0,0,0,0,0,0,0,0,0,0,0,0,0,0,0,0,0,0,0,0,0,0,0,0,0,0,0,0,0,0,0,0,0,0,0,0,0,0,0,0,0,0,0,0,0,0,0,0,0,0,0,1,0,0,0,0,0,0,0,0,0,0,0,0,0,0,0,0,0,0,0,0,0,0,0,0,0,0,0,0,0,0,0,0,0,0,0,0,0,0,0,0,0,0,0,0,0,0,0,0,0,0,0,0,0,0,0,0,0,0,0,0,0,0,0,0,0,0,0,0,0,0,0,0,0,0,0,0,0,0,0,0,0,0,0,0,0,0,0,0,0,0,0,0,0,0,0,0,0,0,0,0,0,0,0,0,0,0,0,0,0,0,0,0,0,0,0,0,0,0,0,0,0,0,0,0,0,0,0,0,0,0,0,0,0,0,0,0,0,0,0,0,0,0,0,0,0,0,0,0,0,0,0,0,0,0,0,0,0,0,1,0,0,0,0,0,0,0,0,0,0,0,0,0,0,0,0,0,0,0,0,0,0,0,0,0,0,0,0,0,0,0,0,0,0,0,0,0,0,0,1,0,0,0,0,0,0,0,0,0,0,0,0,0,0,0,0,0,0,0,0,0,0,0,0,0,0,0,0,0,0,0,0,0,0,0,0,0,0,0,0,0,0,1,0,0,0,0,0,0,0,0,0,0,0,0,0,0,0,0,0,1,0,0,0,0,0,0,0,0,0,0,0,0,0,0,0,0,0,0,0,0,0,0,0,0,0,0,0,0,0,0,0,0,0,0,0,0,0,0,0,0,0,0,0,0,0,0,0,0,0,0,0,0,0,0,0,0,0,0,0,0,0,0,0,0,0,0,0,0,0,0,0,0,0,0,0,0,0,0,0,0,0,0,0,0,0,0,0,0,0,0,0,0,0,0,0,0,0,0,0,0,0,0,0,0,0,0,0,0,0,0,0,0,0,0,0,0,0,0,0,0,0,0,0,0,1,
84,0.000005,0.000018,0.049401,0.072622,0.588286,0.588268,0.000046,0.000054,17.872913,55700.804688, , , ,82,90,104,100,96,109,75,93,104,78,87,85,88,65,79,70,80,79,62,69,71,83,71,65,56,55,65,57,75,69,61,60,61,68,61,58,49,43,49,65,45,42,50,50,49,45,44,36,40,39,46,43,37,39,34,49,35,34,37,37,41,30,32,32,23,33,32,32,32,28,24,25,21,27,22,26,31,24,30,25,18,23,18,21,16,21,21,22,15,18,27,16,14,22,17,21,17,17,18,23,15,21,13,14,14,19,13,17,13,14,14,12,13,12,12,10,10,17,11,13,16,13,11,12,9,8,11,9,12,17,11,12,6,8,9,11,16,5,6,10,10,6,14,5,7,7,6,1,10,6,10,8,4,8,8,7,8,3,3,4,8,13,6,7,10,5,4,4,4,2,6,6,7,4,7,5,3,6,5,6,4,6,6,5,5,7,2,3,5,5,5,4,1,1,3,3,4,4,3,2,3,1,6,2,2,1,1,0,3,5,3,5,2,5,4,4,2,3,2,3,2,4,2,7,5,3,4,2,1,1,4,3,1,3,1,0,4,0,5,2,1,1,6,1,1,2,1,2,2,5,4,5,5,1,2,2,4,5,2,1,1,3,3,2,2,2,2,2,3,1,2,2,5,2,1,2,5,0,0,3,1,1,1,5,1,2,2,3,0,1,0,1,0,2,1,1,3,4,0,2,3,1,2,6,1,1,1,3,1,2,2,3,5,2,2,1,1,3,0,2,3,0,0,1,1,1,3,0,0,1,2,2,1,0,1,0,1,3,0,3,1,1,2,1,3,4,2,1,1,3,2,1,1,1,0,2,1,3,0,2,0,2,0,0,2,0,0,0,1,1,1,0,1,2,0,0,3,0,0,0,0,1,0,2,0,2,1,3,0,4,0,0,0,2,1,1,3,1,1,2,0,1,0,1,0,0,3,1,2,0,1,2,0,0,1,1,2,1,1,0,0,1,2,1,0,0,0,3,1,1,0,2,1,3,0,1,2,0,0,1,2,1,2,0,1,0,1,0,0,1,0,1,1,3,2,1,0,0,0,1,1,2,0,2,0,1,0,0,0,0,0,0,1,1,2,2,2,1,0,1,0,1,1,0,1,0,1,0,0,1,0,0,0,1,1,0,2,3,0,2,0,1,0,0,1,0,1,1,0,0,1,1,0,0,2,0,4,0,2,0,1,0,0,1,2,2,0,0,0,0,2,4,0,1,1,0,1,0,0,1,0,1,1,1,0,0,1,1,2,1,1,0,1,1,2,1,0,2,0,0,0,1,1,0,0,1,0,0,0,0,1,0,0,0,0,1,0,0,0,0,1,0,0,0,1,0,1,1,1,1,1,1,0,1,1,0,2,0,0,1,0,0,0,0,0,0,1,1,0,0,1,2,0,0,1,0,0,2,1,0,0,3,1,2,0,0,0,0,0,0,2,1,0,0,0,1,1,1,1,1,2,0,0,1,1,1,0,0,0,0,0,1,1,3,0,0,0,1,1,0,0,1,0,1,1,1,0,2,0,0,0,0,0,0,1,0,0,1,0,0,1,0,1,1,0,0,0,1,0,0,0,2,0,1,0,0,0,0,0,0,0,0,0,0,0,1,0,0,1,2,1,0,0,0,0,0,1,0,0,0,0,1,0,0,0,0,1,0,0,0,0,0,0,0,0,0,0,0,0,0,0,0,0,0,0,1,0,0,0,0,0,0,0,0,0,0,0,0,0,0,0,0,0,1,0,0,1,0,0,0,0,0,0,0,0,0,0,1,0,0,0,0,0,0,1,0,0,0,0,1,0,0,0,0,0,0,2,1,0,0,1,0,0,0,0,0,0,0,0,0,0,0,0,0,0,0,0,0,0,0,0,0,0,0,1,0,0,0,0,0,0,1,0,0,0,0,0,0,0,0,0,0,0,0,0,0,0,0,1,0,0,0,0,0,0,0,0,0,0,0,0,0,0,0,0,0,0,0,0,0,1,0,0,0,1,0,0,0,0,0,0,0,0,0,0,0,0,0,0,0,0,0,1,0,0,0,0,0,0,0,0,0,0,1,0,0,0,0,0,0,0,0,0,0,0,0,0,0,0,0,0,0,0,0,1,0,0,0,0,0,0,0,0,0,0,0,0,0,0,0,1,0,0,0,0,0,0,0,0,0,0,0,1,1,0,0,0,0,0,0,0,0,0,0,0,0,0,0,0,0,0,0,0,0,0,0,0,0,1,0,0,0,0,0,0,0,0,0,0,1,0,0,0,0,0,0,0,0,0,1,
85,0.000001,0.000004,0.020294,0.025790,0.133398,0.133394,-0.000266,-0.000265,0.471476,245640.546875, , , ,0,1,0,2,1,0,0,0,1,0,1,1,1,0,0,0,0,0,1,0,0,0,0,0,4,1,0,0,1,0,0,0,1,1,0,0,0,0,1,0,2,0,1,0,0,0,0,0,0,1,0,0,1,0,1,0,0,1,0,0,2,0,2,1,0,0,0,0,0,1,1,0,0,2,1,0,0,2,0,1,0,0,0,1,0,0,1,0,1,0,0,2,0,1,1,1,2,0,1,0,0,0,1,0,0,0,1,0,0,0,2,0,0,2,0,0,0,0,0,1,1,1,0,1,1,0,1,0,0,0,0,1,1,1,0,0,0,0,1,0,0,0,0,1,0,0,0,0,0,0,0,0,0,1,0,0,0,0,0,1,0,0,0,0,0,0,0,0,0,0,0,0,0,0,1,0,0,0,0,0,0,0,0,0,0,0,0,1,0,0,0,0,0,0,0,0,0,0,0,0,0,0,0,0,0,0,0,0,1,0,0,0,0,0,0,0,0,1,0,1,0,0,0,0,0,0,0,0,0,0,0,0,0,0,0,0,0,0,0,1,0,0,0,0,0,0,0,0,0,0,0,1,0,0,0,0,0,0,0,0,0,0,0,0,1,0,0,0,0,0,0,0,0,0,0,0,0,0,0,0,0,0,0,0,0,0,0,0,1,0,1,0,0,0,0,0,0,0,0,0,0,0,0,0,0,0,0,0,0,0,0,0,0,0,0,0,0,0,0,0,0,0,0,0,0,0,0,0,0,0,0,0,0,0,0,0,0,0,0,0,0,0,0,0,0,0,0,0,0,0,0,0,0,0,0,0,0,0,0,0,0,0,0,0,0,0,0,0,0,0,0,0,0,0,0,0,0,0,0,0,0,0,0,0,0,0,0,0,0,0,0,0,0,0,0,0,0,0,0,0,0,0,0,0,0,0,0,0,0,0,0,0,0,0,0,0,0,0,0,0,0,0,0,0,0,0,0,0,0,0,0,0,0,0,0,0,0,0,0,0,0,0,0,0,0,0,0,0,0,0,0,0,0,0,0,0,0,0,0,0,0,0,0,0,0,0,0,0,0,0,0,0,0,0,0,0,0,0,0,0,0,0,0,0,0,0,0,0,0,0,0,0,0,0,0,0,0,0,0,0,0,0,0,0,0,0,0,0,0,0,0,0,0,0,0,0,0,0,0,0,0,0,0,0,0,0,0,0,0,0,0,0,0,0,0,0,0,0,0,0,0,0,0,0,0,0,0,0,0,0,0,0,0,0,0,0,0,0,0,0,0,0,0,0,0,0,0,0,0,0,0,0,0,0,0,0,0,0,0,0,0,0,0,0,0,0,0,0,0,0,0,0,0,0,0,0,0,0,0,0,0,0,0,0,0,0,0,0,0,0,0,0,0,0,0,0,0,0,0,0,0,0,0,0,0,0,0,0,0,0,0,0,0,0,0,0,0,0,0,0,0,0,0,0,0,0,0,0,0,0,0,0,0,0,0,0,0,0,0,0,0,0,0,0,0,0,0,0,0,0,0,0,0,0,0,0,0,0,0,0,0,0,0,0,0,0,0,0,0,0,0,0,0,0,0,0,0,0,0,0,0,0,0,0,0,0,0,0,0,0,0,0,0,0,0,0,0,0,0,0,0,0,0,0,0,0,0,0,0,0,0,0,0,0,0,0,0,0,0,0,0,0,0,0,0,0,0,0,1,0,0,0,0,0,0,0,0,0,0,0,0,0,0,0,0,0,0,0,0,0,0,0,0,0,0,0,0,0,0,0,0,0,0,0,0,0,0,0,0,0,0,0,0,0,0,0,0,0,0,0,0,0,0,0,0,0,0,0,0,0,0,0,0,0,0,0,0,0,0,0,0,0,0,0,0,0,0,0,0,0,0,0,0,0,0,0,0,0,0,0,0,0,0,0,0,0,0,0,0,0,1,0,0,0,0,0,0,0,0,0,0,0,0,0,0,0,0,0,0,0,0,0,0,0,0,0,0,0,0,0,0,0,0,0,0,0,0,0,0,0,0,0,0,0,0,0,0,0,0,0,0,0,0,0,0,0,0,0,0,0,0,0,0,0,0,0,0,0,0,0,0,0,0,0,0,0,0,0,0,0,0,0,0,0,0,0,0,0,1,0,0,0,0,0,0,0,0,0,0,0,0,0,0,0,1,0,0,0,1,0,0,0,0,0,0,0,0,0,0,0,0,0,0,0,0,0,0,0,0,0,0,0,0,0,0,0,0,0,0,0,0,0,0,0,0,0,0,0,1,0,
85,0.000005,0.000019,0.122288,0.021593,0.631450,0.631430,-0.000049,-0.000058,17.038107,51893.285156, , , ,81,76,64,79,72,58,78,59,62,81,63,69,59,77,58,64,75,62,55,73,75,76,71,68,56,81,77,66,67,75,72,65,67,73,65,83,78,72,67,62,72,68,61,78,75,65,68,92,69,55,68,75,73,68,53,78,72,74,70,74,77,59,54,70,67,69,64,57,75,71,68,65,74,69,65,76,51,59,67,66,65,68,64,51,62,76,69,64,65,61,81,61,75,67,68,55,66,77,64,72,76,56,48,63,64,66,71,60,54,81,64,74,81,64,66,68,64,52,53,63,62,62,60,56,64,68,61,59,58,64,59,54,61,58,59,63,65,61,67,60,53,61,63,62,66,53,49,74,65,67,54,56,70,83,68,56,61,70,58,46,49,54,49,63,40,51,68,61,58,56,43,52,65,67,57,56,32,54,51,60,50,56,49,50,55,40,53,49,51,55,54,46,48,57,47,64,52,49,41,47,45,71,58,39,51,39,57,35,45,46,56,46,44,53,47,42,43,60,54,41,34,39,50,52,35,42,30,53,64,44,56,46,44,55,46,39,32,45,46,40,44,54,41,44,43,41,44,36,43,39,49,42,50,43,49,42,35,48,29,41,43,46,46,47,61,38,31,37,40,53,35,37,32,22,38,30,33,31,33,30,45,42,36,34,30,32,36,35,35,41,34,30,38,41,21,33,37,32,28,35,32,24,40,29,33,30,32,30,39,28,36,27,19,32,31,24,27,32,39,29,33,29,39,27,26,36,29,29,23,22,25,27,30,33,28,35,21,22,27,24,24,21,40,24,20,22,27,35,20,19,29,23,24,20,26,27,25,20,22,27,22,25,18,28,32,21,29,22,32,26,16,25,21,26,23,12,19,19,25,26,16,18,19,14,16,21,23,16,15,14,28,21,20,25,28,19,14,23,20,16,23,12,22,28,17,26,17,20,13,17,20,14,16,13,19,18,14,15,16,18,20,14,12,23,15,21,16,15,14,15,19,13,14,15,17,11,12,8,12,8,9,19,21,12,10,17,19,13,12,10,13,13,19,12,14,18,15,11,12,7,11,9,10,11,17,10,10,12,8,7,13,5,15,13,11,10,5,7,8,6,10,8,8,11,8,13,8,13,10,4,11,1,11,9,5,10,11,9,11,11,5,11,8,6,9,3,4,7,6,10,6,7,7,2,11,12,6,4,15,4,3,7,4,7,9,5,3,2,9,4,5,2,8,4,5,5,4,4,8,7,7,4,7,2,7,4,4,2,7,7,6,7,6,7,6,3,3,4,7,4,5,8,8,4,1,1,4,6,4,5,4,7,4,2,7,10,1,1,7,3,5,2,3,4,2,4,5,5,0,5,3,1,7,4,4,5,6,0,2,4,4,2,2,2,1,2,3,6,2,3,5,4,2,5,4,3,2,3,3,4,2,2,2,3,2,3,3,2,2,2,0,1,2,3,2,1,2,4,1,4,2,3,6,2,3,1,2,2,1,0,2,1,1,2,4,1,3,0,1,1,1,1,2,1,2,2,0,4,2,2,1,1,0,3,3,2,2,2,2,4,3,2,2,1,2,0,2,1,0,1,1,1,2,3,0,0,0,2,1,1,1,1,2,1,1,0,1,1,1,1,0,1,3,1,1,1,0,1,2,1,1,0,1,0,1,0,2,0,2,1,0,1,1,0,1,0,0,0,0,0,2,0,1,0,1,0,0,2,0,1,2,0,1,2,0,1,0,0,0,0,0,0,0,1,0,1,0,0,1,0,0,1,0,2,0,0,0,0,0,1,0,1,0,0,1,0,1,1,0,0,0,0,0,0,1,2,0,1,0,1,1,0,0,1,0,0,2,0,0,1,0,1,1,1,0,0,0,0,1,0,1,0,0,0,0,0,1,0,0,0,0,0,0,0,0,0,0,0,0,0,0,0,0,0,0,0,0,0,0,0,2,0,1,0,0,1,1,0,0,0,0,0,0,0,0,0,0,0,0,0,0,0,0,0,0,0,0,0,0,0,1,0,0,0,0,0,1,1,0,1,0,0,0,0,0,0,0,0,0,0,1,0,0,0,0,0,0,0,0,0,0,0,0,0,0,0,0,0,0,1,0,0,0,0,0,0,0,0,0,0,0,0,0,0,0,0,0,0,0,0,0,0,0,0,0,0,0,0,0,0,0,0,0,0,0,0,0,0,0,0,0,0,0,0,0,0,0,0,0,0,0,0,0,0,0,0,0,0,0,0,0,0,0,0,1,0,0,0,0,0,0,0,0,0,0,0,0,0,0,1,
90,0.000003,0.000005,0.090345,0.018545,0.341826,0.341826,-0.001955,-0.001951,0.215134,95861.570312, , , ,0,0,0,0,0,1,0,0,0,0,0,1,0,0,0,0,0,0,0,0,0,0,0,0,0,0,0,0,0,0,0,0,0,0,0,0,0,0,0,0,1,1,0,0,0,0,0,0,0,0,0,0,1,1,0,1,1,0,0,0,0,0,0,0,0,0,0,0,0,0,0,0,0,0,0,0,0,0,0,1,0,0,0,0,0,0,0,0,0,0,0,1,0,0,0,0,0,0,0,0,0,0,0,0,0,0,0,0,0,0,0,0,0,0,0,0,0,0,0,0,0,0,0,0,0,0,0,0,0,0,0,0,0,0,0,0,1,0,0,0,0,0,0,0,0,0,0,0,1,0,0,0,0,0,0,0,0,1,0,0,0,0,0,0,0,0,0,0,0,0,1,0,0,0,0,0,0,0,0,0,0,0,0,0,0,0,0,0,0,0,0,0,0,0,0,0,0,0,0,0,0,0,0,0,0,0,0,0,0,0,0,0,0,0,0,0,0,0,0,0,0,0,0,0,0,0,0,0,0,0,1,0,0,0,0,0,0,0,0,0,0,0,0,0,0,0,0,0,0,0,0,0,0,0,0,0,0,0,0,0,0,0,0,0,0,0,0,0,0,0,0,0,0,0,0,0,0,0,0,0,0,0,0,0,0,0,0,0,0,0,0,0,0,0,0,0,0,0,0,0,0,0,0,0,0,0,0,0,0,0,0,0,0,0,0,0,0,0,0,0,0,0,0,0,1,0,0,0,0,0,0,0,0,0,0,0,0,0,0,0,0,0,0,0,1,0,0,0,0,0,0,0,0,0,0,0,0,0,0,0,0,0,0,1,0,0,0,0,0,0,0,0,0,0,0,0,0,0,0,0,0,0,0,0,0,0,0,0,0,0,0,0,0,0,0,0,0,0,0,0,0,0,0,0,0,0,0,0,0,0,0,0,0,0,0,0,0,0,0,0,0,0,0,0,0,0,0,0,0,0,0,0,0,0,0,0,0,0,0,0,0,0,1,0,0,0,0,0,0,0,0,0,0,0,0,0,0,0,0,0,0,0,0,0,0,0,0,0,0,0,0,0,0,0,0,0,0,0,0,0,0,0,0,0,0,0,0,0,0,0,0,0,0,0,0,0,0,0,0,0,1,0,0,0,0,0,0,0,0,0,0,0,0,0,0,0,0,0,0,0,0,0,0,0,0,0,0,0,0,0,0,0,0,0,0,0,0,0,0,0,0,0,0,0,0,0,0,0,0,0,0,0,0,0,0,0,0,0,0,0,0,0,0,0,0,0,0,0,0,0,0,0,0,0,0,0,0,0,0,0,0,0,0,0,0,0,0,0,0,0,0,0,0,0,0,0,0,0,0,0,1,0,0,0,0,0,0,0,0,0,0,0,0,0,0,0,0,0,0,0,0,0,0,0,0,0,0,0,0,0,0,0,0,0,0,0,0,0,0,0,0,0,0,0,0,0,0,0,0,0,0,0,0,0,0,0,0,0,0,0,0,0,0,0,0,0,0,0,0,0,0,0,0,0,0,0,0,0,0,0,0,0,0,0,0,0,0,0,0,0,0,0,0,0,0,0,1,0,0,0,0,0,0,0,0,0,0,0,0,0,0,0,0,0,0,0,0,0,0,0,0,0,0,0,0,0,0,0,0,0,0,1,0,0,0,0,0,0,0,0,0,0,0,0,0,0,0,0,0,0,0,0,0,0,0,0,0,0,0,0,0,0,0,0,0,0,0,0,0,0,0,0,0,0,0,0,0,0,0,0,0,0,0,0,0,0,0,0,0,0,0,0,0,0,0,0,0,0,0,0,0,0,0,0,0,0,0,0,0,0,0,0,0,0,0,0,0,0,0,0,0,0,0,0,0,0,0,0,0,0,0,0,0,0,0,0,0,0,0,0,0,0,0,0,0,0,0,0,0,0,0,0,0,0,0,0,0,0,0,0,0,0,0,0,0,0,0,0,0,0,0,0,0,0,0,0,0,0,0,0,0,0,0,0,0,0,0,0,0,0,0,0,0,0,0,0,0,0,0,0,0,0,0,0,0,0,0,0,0,0,0,0,0,0,0,0,0,0,0,0,0,0,0,0,0,0,0,0,0,0,0,0,0,0,0,0,0,0,0,0,0,0,0,0,0,0,0,0,0,0,0,0,0,0,0,0,0,0,0,0,0,0,0,0,0,0,0,0,0,0,0,0,0,0,0,0,0,0,0,0,0,0,0,0,0,0,0,0,0,0,0,0,0,0,0,0,0,0,0,1,
90,0.000004,0.000016,0.035042,0.100467,0.532586,0.532570,-0.000041,-0.000049,19.701746,61526.242188, , , ,120,111,126,132,94,124,114,101,111,112,121,112,114,109,91,90,85,96,73,84,78,85,84,89,89,70,81,58,79,67,59,68,75,55,69,50,63,59,55,48,47,51,57,49,56,38,40,44,35,39,44,37,29,41,41,45,37,30,40,37,33,30,29,36,23,19,27,24,28,22,19,33,28,24,23,19,26,23,20,10,22,18,19,20,9,12,14,15,22,14,20,15,10,10,16,12,13,12,9,12,3,9,6,9,8,11,8,11,8,9,9,6,6,4,10,17,10,9,4,9,8,7,11,12,4,11,6,6,10,6,8,7,6,9,8,5,7,11,6,8,5,5,6,5,6,6,4,8,3,4,7,6,1,2,6,8,10,3,3,6,5,6,5,3,7,6,3,7,6,5,4,3,5,1,6,2,2,5,5,5,2,3,3,3,0,1,2,6,2,5,2,2,1,3,4,2,1,2,3,2,4,1,6,5,2,2,1,1,6,1,4,4,1,3,1,1,2,1,3,3,3,2,3,3,5,2,3,0,4,3,1,1,2,3,6,3,2,5,1,5,3,2,2,2,2,5,1,0,4,2,1,0,3,0,3,2,5,2,2,2,1,1,1,2,0,0,0,1,3,1,2,1,4,2,1,0,0,2,3,2,0,0,0,3,1,1,2,1,1,0,6,1,1,2,2,0,1,3,0,0,2,0,1,1,3,1,2,1,0,2,1,5,1,0,3,1,2,3,1,0,1,1,0,0,4,1,0,2,1,2,2,1,1,2,1,3,1,2,0,0,1,0,1,1,1,1,0,0,1,0,1,2,0,1,2,0,0,1,0,0,0,1,2,0,1,0,1,3,1,0,1,1,2,3,1,1,0,0,0,2,4,1,0,2,1,1,0,2,0,0,0,1,1,1,1,2,1,1,1,1,0,0,0,1,2,0,0,0,0,1,1,3,1,1,0,1,0,3,0,0,0,2,0,0,1,1,2,0,0,2,0,2,0,0,0,2,0,1,0,3,1,0,2,0,0,0,1,1,0,0,0,2,1,2,1,0,0,0,0,0,0,0,0,0,0,0,0,0,0,0,0,0,0,0,0,1,0,2,0,0,1,0,0,3,0,2,0,1,1,0,1,0,0,0,2,0,0,2,0,0,0,0,1,1,0,0,2,0,0,1,1,1,1,0,1,1,0,0,0,1,0,0,0,0,0,0,0,0,0,0,1,0,1,0,0,1,1,0,0,0,0,0,0,1,0,0,0,0,1,0,0,1,0,3,0,0,0,0,0,1,0,0,0,1,0,0,0,1,2,2,0,0,0,0,2,0,0,1,0,0,0,2,0,1,0,1,1,2,1,0,0,0,1,0,0,1,0,1,0,0,0,0,0,1,1,0,0,0,0,0,0,0,1,0,1,0,1,0,0,0,0,0,0,0,0,0,0,0,0,0,0,0,0,0,0,0,1,0,0,0,1,0,0,1,0,1,0,0,0,0,0,0,1,1,0,0,0,0,0,0,0,0,0,0,0,2,1,1,1,1,0,0,0,0,0,0,1,0,0,0,0,0,0,0,0,0,0,1,1,1,0,0,0,0,1,0,0,0,0,0,0,0,0,0,0,0,0,0,1,0,0,0,2,0,0,0,0,0,0,0,0,0,0,0,0,0,1,0,0,0,0,0,0,0,0,0,0,1,0,0,0,0,0,0,1,0,0,0,0,0,0,0,0,0,0,0,0,0,0,0,0,0,0,0,0,0,0,0,0,1,0,1,0,0,0,0,0,0,0,0,0,0,0,0,0,0,0,0,0,1,0,0,0,0,0,0,0,0,0,0,0,0,0,0,0,0,0,0,0,0,0,0,0,0,0,0,0,0,0,0,0,0,0,0,0,0,0,0,0,1,0,0,0,0,0,0,0,0,0,0,0,0,0,0,0,0,0,0,0,0,0,0,0,0,0,0,0,0,0,0,0,0,0,0,0,0,1,0,0,0,0,0,0,0,0,0,0,0,0,0,0,0,0,0,0,0,0,0,0,0,0,0,0,0,0,0,0,0,0,0,0,0,0,0,0,0,0,0,0,0,0,0,0,0,0,0,0,0,0,0,0,0,0,0,0,0,0,0,0,0,0,1,0,0,0,0,0,0,1,0,0,0,0,0,0,0,0,0,0,0,0,0,0,0,0,0,0,0,0,0,0,0,0,0,0,0,0,0,0,0,0,1,1,0,0,0,0,0,0,0,0,0,0,0,0,0,0,0,0,0,0,0,0,0,0,0,0,0,0,1,
91,0.000001,0.000005,0.020481,0.027483,0.151958,0.151954,0.000179,0.000181,0.887723,215637.875000, , , ,0,1,0,0,0,0,2,0,1,0,1,0,0,1,1,0,0,1,0,1,2,2,1,0,0,0,0,0,0,0,1,0,0,0,0,1,0,0,1,1,1,1,0,1,1,1,0,1,0,0,1,0,0,0,0,1,0,0,1,1,2,0,1,0,0,1,0,1,3,1,0,0,0,2,0,4,0,1,0,0,0,1,1,0,1,3,0,0,1,0,0,0,0,0,1,1,0,1,0,0,0,0,0,1,0,0,0,2,0,0,0,1,0,0,1,0,1,1,0,0,0,0,0,1,0,0,1,1,0,0,0,0,0,1,0,0,0,0,0,0,1,0,0,1,0,0,0,0,0,0,0,1,0,0,0,0,0,0,0,0,0,0,0,0,0,1,0,0,0,0,0,0,0,0,0,0,0,2,0,0,1,0,0,0,0,0,0,1,1,0,0,0,0,0,2,0,1,1,0,0,0,0,0,0,0,0,0,0,0,0,0,0,0,0,0,0,0,0,0,0,0,0,0,0,0,0,0,0,0,0,0,0,0,0,0,0,0,0,0,0,0,0,0,0,0,0,0,0,0,0,0,0,0,0,0,0,0,0,0,0,0,0,0,0,0,0,0,0,0,0,0,0,0,0,0,0,0,0,0,0,0,0,0,0,0,0,0,0,0,0,0,0,0,0,0,0,0,0,0,0,0,0,0,0,0,0,0,0,0,0,0,0,0,0,0,0,0,0,0,0,0,0,0,0,0,0,0,0,0,0,0,0,0,0,0,0,0,0,0,0,0,0,0,0,0,0,0,0,0,0,0,0,0,0,0,0,0,0,0,0,0,0,0,0,0,0,0,0,0,0,0,0,0,0,0,0,0,0,0,0,0,0,0,0,0,0,0,0,0,0,0,0,0,0,0,0,0,0,0,0,0,0,0,0,0,0,0,0,0,0,0,0,0,0,0,0,0,0,0,0,0,0,0,0,0,0,0,0,0,0,0,0,0,0,0,0,0,0,0,0,0,0,0,0,0,0,0,0,0,0,0,0,0,0,0,0,0,0,0,0,0,0,0,0,0,0,0,0,0,0,0,0,0,0,0,0,0,0,0,0,0,0,0,0,0,0,0,0,0,0,0,0,0,0,0,0,0,0,0,0,0,0,0,0,0,0,0,0,0,0,0,0,0,0,0,0,0,0,0,0,0,0,0,0,0,0,0,0,0,0,0,0,0,0,0,0,0,0,0,0,0,0,0,0,0,0,0,0,0,0,0,0,0,0,0,0,0,0,0,0,0,0,0,0,0,0,0,0,0,0,0,0,0,0,0,0,0,0,0,0,0,0,0,0,0,0,0,0,0,0,0,0,0,0,0,0,0,0,0,0,0,0,0,0,0,0,0,0,0,0,0,0,0,0,0,0,0,0,0,0,0,0,0,0,0,0,0,0,0,0,0,0,0,0,0,0,0,0,0,0,0,0,0,0,0,0,0,0,0,0,0,0,0,0,0,0,0,0,0,0,0,0,0,0,0,0,0,0,0,0,0,0,0,0,0,0,0,0,0,0,0,0,0,0,0,0,0,0,0,0,0,0,0,0,0,0,0,0,0,0,0,0,0,0,0,0,0,0,0,0,0,0,0,1,0,0,0,0,0,0,0,0,0,0,0,0,0,0,0,0,0,0,1,0,0,1,0,0,0,0,0,0,0,0,0,0,0,0,0,0,0,0,0,0,0,0,0,0,0,0,0,0,0,0,0,0,0,0,0,0,0,0,0,0,0,0,0,0,0,0,0,0,0,0,0,0,0,0,0,0,0,0,0,0,0,0,0,0,0,0,0,0,0,0,0,0,0,0,0,0,0,0,0,0,0,0,0,0,0,0,0,0,0,0,0,0,0,0,0,0,0,0,0,0,0,0,0,0,0,0,0,0,0,0,0,0,0,0,0,1,0,0,0,0,0,0,0,0,0,1,0,0,0,0,0,0,0,0,0,0,0,0,0,0,0,0,0,0,0,0,0,0,0,0,0,0,0,0,0,0,0,0,0,0,0,0,0,0,0,0,0,0,0,0,0,0,0,0,0,0,0,0,0,0,0,0,0,0,0,0,0,0,0,0,0,0,0,0,0,0,0,0,0,0,0,0,0,0,0,0,0,0,0,0,0,0,0,0,0,0,0,0,0,0,0,0,0,0,0,0,0,0,0,0,0,0,0,0,0,0,0,0,0,0,0,0,0,0,0,0,0,0,0,0,0,0,0,0,0,0,0,0,0,0,0,0,0,0,0,1,
91,0.000005,0.000010,0.123530,0.021846,0.687063,0.687063,-0.000094,-0.000105,11.105979,47692.878906, , , ,77,75,64,64,71,67,90,68,81,75,83,68,90,69,76,66,74,64,66,75,82,73,71,73,65,73,78,70,84,72,89,64,99,73,72,62,80,76,81,77,75,78,59,73,76,81,72,74,84,79,79,83,77,71,69,72,74,70,71,76,71,72,69,76,73,84,87,83,81,67,80,68,70,69,77,81,76,68,64,73,88,70,73,75,80,76,85,66,75,59,68,60,71,74,71,77,79,60,69,66,74,59,64,59,82,79,69,61,68,67,64,64,54,68,67,59,57,51,58,62,55,69,74,52,52,76,83,47,62,78,65,60,65,68,63,69,75,59,58,52,50,67,67,55,62,61,58,61,83,51,57,55,62,62,58,72,61,72,65,64,43,63,64,57,70,41,50,59,57,68,62,55,66,68,44,55,48,66,69,61,60,59,35,54,41,46,71,56,73,47,47,43,58,60,49,52,57,56,44,37,49,48,53,48,59,44,51,59,51,43,43,52,56,49,57,56,69,60,56,43,49,51,38,49,42,43,36,45,50,40,39,57,36,41,38,46,54,56,42,56,36,32,35,38,43,37,45,42,40,31,33,46,38,49,45,47,48,42,31,33,41,34,41,44,37,28,41,41,41,30,40,33,31,38,38,48,36,37,38,35,34,38,35,38,38,42,33,36,35,33,31,27,26,32,35,27,17,34,38,26,29,32,30,42,28,27,25,28,29,32,29,20,31,26,28,30,31,27,31,29,24,19,34,28,22,31,31,31,29,13,26,32,32,25,25,20,26,20,16,30,24,23,31,24,24,19,16,23,18,19,38,31,24,25,25,26,25,25,21,26,28,24,25,13,12,18,17,22,18,17,27,14,24,20,22,20,23,19,17,28,10,28,23,23,10,19,20,17,20,15,17,16,20,10,9,16,12,21,18,15,14,21,16,13,16,19,20,6,13,15,14,10,14,12,18,12,14,18,17,8,11,14,16,13,11,11,13,18,14,13,7,16,10,11,18,11,17,8,11,13,5,9,10,12,8,11,11,18,10,14,9,5,6,12,9,13,8,9,12,12,12,7,13,11,5,6,9,12,9,9,10,9,10,6,11,7,4,6,5,6,9,9,14,5,6,5,9,9,4,6,8,11,8,4,4,8,9,3,7,4,2,2,5,7,8,2,11,6,5,4,3,13,5,4,3,10,3,9,6,3,8,5,5,6,4,1,6,2,3,7,5,6,3,4,4,2,7,7,3,3,5,4,8,4,6,3,1,3,5,6,3,4,2,1,2,6,1,4,6,2,1,1,4,5,2,3,0,2,3,3,1,2,6,1,2,5,1,3,2,3,2,2,1,3,3,2,7,1,4,4,1,0,3,2,2,2,2,1,2,3,3,4,2,2,4,0,3,2,0,2,2,2,2,4,1,3,2,1,2,1,3,2,0,3,1,2,4,3,1,5,2,3,3,2,1,1,2,1,1,0,0,1,1,0,1,0,2,0,0,2,0,0,1,0,1,0,0,0,1,2,1,1,0,0,1,6,3,1,2,0,1,0,0,1,2,0,1,1,1,1,3,1,1,1,0,0,0,1,0,0,1,0,0,1,0,1,2,2,0,0,0,0,0,1,1,0,0,1,0,0,0,0,2,1,1,0,0,0,0,0,1,0,0,0,0,0,0,0,1,0,1,0,0,1,0,1,0,0,0,0,0,0,0,0,0,1,1,0,0,1,0,1,0,0,0,0,0,0,0,0,1,1,0,0,1,0,1,0,0,0,0,0,2,0,1,0,0,0,1,0,0,0,0,0,0,0,0,0,0,0,0,0,0,0,0,0,1,0,1,0,1,0,0,0,0,0,0,0,0,0,0,0,0,0,0,1,0,0,0,0,1,1,0,0,0,0,0,0,0,0,1,0,0,0,0,0,0,0,0,0,0,0,0,0,0,0,0,0,0,0,0,0,0,0,0,0,0,0,0,0,0,0,0,0,0,0,0,0,0,0,0,0,0,0,0,0,0,1,0,0,0,0,0,0,0,0,0,0,0,0,0,0,0,0,0,0,0,0,0,0,0,0,0,0,0,0,0,0,0,0,0,0,0,0,0,0,0,0,0,0,0,0,0,0,0,0,0,0,0,0,0,0,0,0,0,0,0,0,0,0,0,0,0,0,0,0,0,0,0,0,0,0,0,0,0,0,0,0,0,0,0,0,0,0,0,0,0,0,0,0,0,0,0,0,0,0,0,0,0,0,0,0,0,0,0,0,0,0,0,0,0,0,0,0,0,0,0,0,0,1,
94,0.000004,0.000007,0.148304,0.007747,0.465855,0.465855,0.014142,0.014146,0.024913,70339.429688, , , ,0,0,0,0,0,0,0,0,0,0,0,1,0,0,0,0,0,0,0,0,0,0,0,0,0,0,0,0,0,0,1,0,0,0,0,0,0,0,0,0,0,0,0,0,1,0,0,0,0,0,0,0,0,0,0,0,0,0,0,0,0,0,0,0,0,0,0,0,0,0,1,0,0,0,0,0,0,0,0,0,0,0,0,0,0,0,0,0,0,0,0,1,0,0,0,0,0,0,0,0,0,0,0,0,0,0,0,0,0,0,0,0,0,0,0,0,1,0,0,1,0,0,1,0,0,0,0,0,0,0,0,0,0,0,0,0,0,0,0,1,0,0,0,0,0,0,0,0,0,0,0,0,0,0,0,0,0,0,0,0,0,0,0,0,0,0,0,0,0,0,0,0,0,0,0,0,0,0,0,0,0,0,0,0,0,0,0,0,0,0,0,0,0,0,0,0,0,0,0,0,0,0,0,0,0,0,0,0,0,0,0,0,0,0,0,0,0,0,0,0,0,0,0,0,0,0,0,0,0,0,0,0,0,0,0,0,0,0,0,0,0,0,0,0,0,0,0,0,0,0,0,0,0,0,0,0,0,0,0,0,0,0,0,0,0,0,0,0,0,0,0,0,0,0,0,0,0,0,0,0,0,0,0,0,0,0,0,0,0,0,0,0,0,0,0,0,0,0,0,0,0,0,0,0,0,0,0,0,0,0,0,0,0,0,0,0,0,0,0,0,0,0,0,0,0,0,0,0,0,0,0,0,0,0,0,0,0,0,0,0,0,0,0,0,0,0,0,0,0,0,1,0,0,0,0,0,0,0,0,0,0,0,0,0,0,0,0,0,0,0,0,0,0,0,0,0,0,0,0,0,0,0,0,0,0,0,0,0,0,0,0,0,0,0,0,0,0,0,0,0,0,0,0,0,0,0,0,0,0,0,0,0,0,0,0,0,0,0,0,0,0,0,0,0,0,0,0,1,0,0,0,0,0,0,0,0,0,0,0,0,0,0,0,0,0,0,0,0,0,0,0,0,0,0,0,0,0,0,0,0,0,0,0,0,0,0,0,0,0,0,0,0,0,0,0,0,0,0,0,0,0,0,0,0,0,0,0,0,0,0,0,1,0,0,0,0,0,0,0,0,0,0,0,0,0,0,0,0,0,0,0,0,0,0,0,0,0,0,0,0,0,0,0,0,0,0,1,0,0,0,0,0,0,0,0,0,0,0,0,0,0,0,0,0,0,0,0,0,0,0,0,0,0,0,0,0,0,0,0,0,0,0,0,0,0,0,0,0,0,0,0,0,0,0,0,0,0,0,0,0,0,0,0,0,0,0,0,0,0,0,0,0,0,0,0,0,0,0,0,0,0,0,0,0,0,0,0,0,0,0,0,0,0,0,0,0,0,0,0,0,0,0,0,0,0,0,0,0,0,0,0,0,0,0,0,0,0,0,0,0,0,0,0,0,0,0,0,0,0,0,0,0,0,0,0,0,0,0,0,0,0,0,0,0,0,0,0,0,0,0,0,1,0,0,0,0,0,0,0,0,0,0,0,0,0,0,0,0,0,0,0,0,0,0,0,0,0,0,0,0,0,0,0,0,0,0,0,0,0,0,0,0,0,0,0,0,0,0,0,0,0,0,0,0,0,0,0,0,0,0,0,0,0,0,0,0,0,0,0,0,0,0,0,0,0,0,0,0,0,0,0,0,0,0,0,0,0,0,0,0,0,0,0,0,0,0,0,0,0,0,0,0,0,0,0,0,0,0,0,0,0,0,0,0,0,0,0,0,0,0,0,0,0,0,0,0,0,0,0,0,0,0,0,0,0,0,0,0,0,0,0,0,0,0,0,0,0,0,0,0,0,0,0,0,0,0,0,0,0,0,0,0,0,0,0,0,0,0,0,0,0,0,0,0,0,0,0,0,0,0,0,0,0,0,0,0,0,0,0,0,0,0,0,0,0,0,0,0,0,0,0,0,0,1,0,0,0,0,0,0,0,0,0,0,0,0,0,0,0,0,0,0,0,0,0,0,0,0,0,0,0,0,0,0,0,0,0,0,0,0,0,0,0,0,0,0,0,0,0,0,0,0,0,0,0,0,0,0,0,0,0,0,0,0,0,0,0,0,0,0,0,0,0,0,0,0,0,0,0,0,0,0,0,0,0,0,0,0,0,0,0,0,0,0,0,0,0,0,0,0,0,0,0,0,0,0,0,0,0,0,0,0,0,0,0,0,0,0,0,0,0,0,0,0,0,0,0,0,0,1,
94,0.000004,0.000015,0.029609,0.214274,0.499483,0.499468,-0.000038,-0.000046,19.160528,65603.765625, , , ,246,194,184,155,165,138,118,94,108,89,78,60,79,69,66,61,62,64,62,43,48,46,42,41,40,32,45,41,30,30,41,37,35,18,27,28,20,25,33,21,24,17,21,21,24,21,18,17,24,19,13,7,15,8,11,18,17,9,6,8,18,11,11,12,9,15,12,5,16,9,8,8,10,11,14,5,12,5,5,7,7,9,10,5,12,5,8,11,6,5,6,8,5,6,11,4,8,5,2,4,7,4,5,2,7,8,8,9,4,2,7,3,7,3,4,4,7,5,6,1,5,6,2,4,2,2,8,2,2,2,5,3,3,4,4,4,1,2,3,4,1,2,2,2,1,4,5,2,2,5,3,4,4,2,4,2,4,4,0,1,0,0,2,1,2,1,1,1,0,2,2,6,1,5,2,0,2,2,1,1,1,0,3,1,5,1,2,2,0,2,3,2,0,4,2,2,2,1,2,3,2,1,1,2,2,2,0,0,3,1,0,1,2,2,0,0,2,4,2,1,1,0,1,0,0,0,1,2,2,2,3,1,0,1,3,1,1,0,4,2,1,2,2,1,0,1,2,1,0,2,1,0,0,2,2,1,0,4,1,1,1,4,3,3,0,2,1,2,0,1,0,2,0,0,1,0,2,2,1,2,0,0,0,0,0,0,3,0,1,2,1,1,2,1,2,1,2,0,0,1,1,0,0,1,0,1,3,3,0,1,0,0,0,0,0,1,0,0,1,0,1,1,1,1,0,0,0,2,2,0,1,0,1,0,0,1,1,1,2,2,1,2,1,0,0,2,0,0,0,2,0,1,1,0,1,0,3,1,0,1,2,1,1,1,2,1,1,2,0,0,1,0,1,0,0,0,0,1,0,1,1,2,1,1,2,0,1,1,0,5,2,0,0,0,1,1,1,0,0,0,1,0,3,3,2,0,0,0,1,0,0,1,0,1,0,0,0,1,1,1,0,1,0,0,1,1,2,0,0,2,0,0,0,1,0,1,4,0,1,1,2,0,1,4,1,0,0,0,0,1,0,0,1,2,1,0,0,0,0,1,0,0,0,0,1,0,2,0,0,1,1,0,1,0,2,0,0,0,1,1,1,1,1,1,0,1,0,0,2,1,0,1,0,0,1,0,0,0,1,0,1,1,0,0,1,0,1,1,0,1,0,1,0,0,0,0,0,2,0,1,0,0,0,0,0,1,0,0,1,1,0,0,1,0,0,1,0,0,1,0,1,0,0,0,0,1,1,0,1,0,1,1,0,2,0,2,1,0,0,0,2,0,0,0,0,0,0,0,1,0,0,0,0,0,0,0,0,2,1,0,0,1,0,0,0,0,1,0,0,0,0,0,0,0,0,0,0,0,0,0,0,2,0,0,0,0,0,0,0,0,0,0,0,0,0,0,2,1,0,0,0,0,1,0,0,0,0,0,0,0,0,0,0,1,2,0,0,0,0,0,0,2,0,0,0,1,0,0,0,0,0,0,1,0,0,0,0,0,0,0,0,0,0,0,0,0,0,0,0,1,0,2,0,0,0,0,0,0,0,0,0,0,1,0,0,1,0,0,0,0,0,0,0,0,0,0,1,0,0,0,0,0,1,0,0,0,0,0,0,0,0,0,0,0,0,0,0,0,1,0,0,0,0,0,0,1,0,0,0,0,0,0,0,0,0,0,0,0,0,0,0,1,0,0,0,0,0,0,0,0,0,0,0,0,0,0,0,0,0,0,0,0,0,0,0,1,0,0,0,0,0,0,0,0,0,0,0,0,0,0,0,0,0,0,0,0,0,1,0,0,0,0,0,0,0,0,0,0,0,0,0,0,0,0,0,0,0,0,0,0,0,0,0,0,0,0,0,0,0,0,0,0,0,0,0,0,0,1,0,0,0,0,0,0,0,0,0,0,0,0,0,0,0,0,0,0,0,0,0,1,0,0,0,0,0,0,0,0,0,0,0,0,0,0,0,0,0,0,0,0,0,0,0,0,0,0,0,0,0,0,0,0,0,0,0,0,0,0,0,0,0,0,0,0,0,0,0,0,0,0,0,0,0,0,0,0,0,0,0,0,0,0,0,0,0,0,0,0,0,0,0,0,0,0,0,0,0,0,0,0,0,0,0,0,0,0,0,0,0,0,0,0,0,0,0,0,0,0,0,0,0,0,0,0,0,0,0,0,0,0,0,0,0,0,0,0,0,0,0,0,0,0,0,0,0,0,0,0,0,0,0,0,0,0,0,0,0,0,0,0,0,0,0,0,0,0,0,0,0,1,
95,0.000001,0.000003,0.015070,0.016545,0.109914,0.109910,-0.000769,-0.000768,0.163352,298124.656250, , , ,0,0,0,0,0,0,2,0,0,0,1,0,0,1,1,0,0,0,0,0,0,0,1,1,0,0,1,1,1,1,1,0,2,0,2,0,0,0,0,0,1,0,1,0,2,0,0,2,0,0,0,1,1,1,0,0,1,1,0,0,2,0,1,0,1,0,0,1,0,0,1,0,0,1,0,1,1,1,0,0,0,1,0,0,0,0,0,1,1,0,0,0,1,0,0,0,0,0,0,0,0,0,0,0,1,0,0,0,0,0,0,0,0,0,0,0,0,0,0,0,0,1,0,0,1,0,0,0,0,0,0,0,0,1,0,0,0,1,0,0,0,0,0,1,0,0,0,0,0,0,0,0,0,0,0,0,0,0,0,0,0,0,0,0,0,0,0,0,0,0,0,0,0,0,0,0,0,0,0,0,0,0,0,0,0,0,0,0,0,0,0,0,0,0,0,0,0,0,0,0,0,0,0,0,1,0,0,0,0,0,0,0,0,0,0,0,0,0,0,0,0,0,0,0,0,0,1,0,0,0,0,0,0,0,0,0,0,0,0,0,0,0,0,0,0,0,0,0,0,0,0,1,0,0,0,0,0,0,0,0,0,0,0,0,0,0,0,0,0,0,0,0,0,0,0,0,0,0,0,0,0,0,0,0,0,0,0,0,0,0,0,0,0,0,0,0,0,0,0,0,0,0,0,0,0,0,0,0,0,0,0,0,0,0,0,0,0,0,0,0,0,0,0,0,0,0,0,0,0,0,0,0,0,0,0,0,0,0,0,0,0,0,0,0,0,0,0,0,0,0,0,0,0,0,0,0,0,0,0,0,0,0,0,0,0,0,0,0,0,0,0,0,0,0,0,0,0,0,0,0,0,0,0,0,0,0,0,0,0,0,0,0,0,0,1,0,0,0,0,0,0,0,0,0,0,0,0,0,0,0,0,0,0,0,0,0,0,0,0,0,0,0,0,0,0,0,0,0,0,0,0,0,0,0,0,0,0,0,0,0,0,0,0,0,0,0,0,0,0,0,0,0,0,0,0,0,0,0,0,0,0,0,0,0,0,0,0,0,0,0,0,0,0,0,0,0,1,0,0,0,0,0,0,0,0,0,0,0,0,0,0,0,0,0,0,0,0,0,0,0,0,0,0,0,0,0,0,0,0,0,0,0,0,0,0,0,0,0,0,0,0,0,0,0,0,0,0,0,0,0,0,0,0,0,0,0,0,0,0,0,0,0,0,0,0,0,0,0,0,0,0,0,0,0,0,0,0,0,0,0,0,0,0,0,0,0,0,0,0,0,0,0,0,0,0,0,0,0,0,0,0,0,0,0,0,0,0,0,0,0,0,0,0,0,0,1,0,0,0,0,0,0,0,0,0,0,0,0,0,0,0,0,0,0,0,0,0,0,0,0,0,0,0,0,0,0,0,0,0,0,0,0,0,0,0,0,0,0,0,0,0,0,0,0,0,0,0,0,0,0,0,0,0,0,0,0,0,0,0,0,0,0,0,0,0,0,0,0,0,0,0,0,0,0,0,0,0,0,0,0,0,0,0,0,0,0,0,0,0,0,0,0,0,0,0,0,0,0,0,0,0,0,0,0,0,0,0,0,0,0,0,0,0,0,0,0,0,0,0,0,0,0,0,0,0,0,0,0,0,0,0,0,0,0,0,0,0,0,0,0,0,0,0,0,0,0,0,0,0,0,0,0,0,0,0,0,0,0,0,0,0,0,0,0,0,0,0,0,0,0,0,0,0,0,0,0,0,0,0,0,0,0,0,0,0,0,0,0,0,0,0,0,0,0,0,0,0,0,0,0,0,0,0,0,0,0,0,0,0,0,0,0,0,0,0,0,0,0,0,0,0,0,0,0,0,0,0,0,0,0,0,0,0,0,0,0,0,0,0,0,0,0,0,0,0,0,0,0,0,0,0,0,0,0,0,0,0,0,0,0,0,0,0,0,0,0,1,0,0,0,0,0,0,0,0,0,0,0,0,0,0,0,0,0,0,0,0,0,0,0,0,0,0,0,0,0,0,0,0,0,0,0,0,0,0,0,0,0,0,0,0,0,0,0,0,0,0,0,0,0,0,0,0,0,0,0,0,0,0,0,0,0,0,0,0,0,0,1,0,0,0,0,0,0,0,0,0,0,0,0,0,0,0,0,0,0,0,0,0,0,0,0,0,0,0,0,0,0,0,0,0,0,0,0,0,0,0,0,0,0,0,0,0,0,0,0,0,0,0,0,0,0,0,0,0,0,0,0,0,1,
95,0.000006,0.000011,0.150244,0.019323,0.724036,0.724036,0.000100,0.000110,10.423250,45257.433594, , , ,50,37,46,43,57,32,54,38,50,37,50,44,51,42,43,42,48,45,48,34,37,43,37,51,38,46,39,47,54,40,54,42,45,34,42,52,37,34,45,36,44,40,40,56,44,44,48,48,48,46,46,43,56,41,42,40,48,51,46,41,46,40,46,38,41,26,45,41,51,32,44,36,39,48,43,48,37,34,40,42,40,41,42,46,41,51,40,37,34,52,46,33,35,34,46,24,53,39,37,43,51,37,36,35,35,33,37,35,43,37,41,39,34,41,37,53,39,52,53,49,42,32,41,37,38,40,34,49,45,35,46,50,40,55,31,33,49,32,37,39,42,42,32,42,28,35,30,38,40,43,37,30,47,33,28,31,36,43,29,42,33,48,33,48,42,43,36,26,31,26,38,33,41,28,33,34,36,37,27,36,27,43,40,38,42,38,31,30,35,38,34,36,33,41,25,30,33,41,26,30,29,38,43,39,24,32,39,28,26,29,33,33,26,29,29,17,32,27,26,32,24,32,24,36,38,24,23,26,27,31,33,30,39,26,30,29,26,26,36,28,25,25,14,40,24,30,24,43,23,20,21,25,32,19,22,33,34,32,27,15,21,13,25,35,25,39,36,32,30,30,27,24,17,27,23,20,32,31,27,26,24,25,29,19,21,20,33,28,29,17,34,24,18,26,21,19,18,28,24,24,28,22,20,13,18,19,24,20,24,26,18,24,25,21,13,25,21,21,21,20,18,25,21,17,20,14,16,16,17,19,14,22,23,20,19,19,17,17,16,20,17,18,18,11,15,17,17,18,25,17,17,12,14,18,17,15,23,16,17,16,14,17,14,17,18,13,18,13,13,15,14,11,13,10,12,17,11,18,25,16,14,16,18,21,16,15,16,13,20,22,16,13,15,15,3,12,14,12,12,19,14,14,14,10,17,17,10,14,11,10,11,16,12,19,10,12,12,7,9,14,14,10,16,11,12,10,8,13,15,9,6,20,15,9,12,7,13,14,12,19,10,12,12,13,11,10,10,14,11,13,7,14,6,8,10,8,15,10,11,8,12,10,6,10,15,13,10,8,12,10,9,9,9,7,9,16,11,11,10,12,5,8,4,6,10,4,6,5,6,7,10,11,3,10,7,3,14,7,12,4,4,8,4,8,5,12,9,6,9,3,4,2,5,3,8,8,3,6,2,5,7,7,6,2,8,5,6,5,7,6,7,1,7,7,6,6,3,7,5,5,4,4,6,5,6,7,3,4,5,5,7,3,3,3,9,5,3,4,6,8,3,6,2,3,3,5,5,5,6,7,2,3,7,5,2,1,6,3,3,1,4,1,3,7,5,5,4,0,3,4,1,2,1,3,4,6,2,4,4,4,1,1,1,2,0,5,2,3,2,5,1,5,3,5,2,1,2,1,0,2,2,3,3,1,1,0,2,6,3,5,0,2,2,1,3,1,0,5,4,2,2,2,2,2,3,1,2,2,2,1,3,2,3,2,0,2,1,0,3,2,2,1,2,1,0,0,0,1,1,1,5,0,1,1,4,4,1,0,2,2,0,0,2,2,1,2,1,2,1,2,1,3,2,3,0,1,0,2,1,0,2,0,0,1,1,0,3,1,3,1,1,2,1,1,0,0,2,1,0,0,2,2,2,2,0,1,2,1,3,1,2,2,0,1,0,1,1,1,0,0,1,0,2,1,0,1,1,1,0,1,0,1,1,0,0,1,2,2,1,0,0,0,0,0,1,0,0,1,0,0,0,1,2,1,1,0,0,1,2,1,1,1,0,0,0,0,0,0,0,1,0,1,1,0,1,0,0,0,0,0,0,0,0,1,0,0,1,0,1,1,0,2,0,0,0,2,0,0,0,0,0,1,1,0,0,0,0,1,0,0,0,0,0,0,0,0,0,0,0,2,0,1,0,0,0,0,0,0,1,1,0,1,0,0,0,0,0,0,0,0,0,1,0,1,1,0,0,0,0,0,0,0,0,0,0,0,0,0,0,0,0,0,0,0,0,0,0,0,0,0,0,0,0,0,1,0,0,0,0,0,0,0,0,0,0,1,0,1,0,0,0,0,0,0,0,0,0,0,0,0,0,0,0,0,0,0,0,0,0,0,0,0,0,0,0,0,0,0,0,0,1,0,0,0,1,0,0,0,0,0,0,0,0,0,0,0,0,0,0,0,0,0,0,0,0,0,0,0,0,0,0,0,0,0,0,0,0,0,0,0,0,0,0,0,0,0,0,0,0,0,0,0,0,0,0,0,0,0,0,1,
